[
  {
    "user_icon": "https://cdn.modesens.com/uicon/2-1538278855s?w=100&",
    "user_icon_main": "https://cdn.modesens.com/uicon/2-1538278855s?w=100&",
    "user_name": "divya.viveka",
    "image": "https://img.brownsfashion.com/17/53/44/27/17534427_37262430_1000.jpg",
    "image_2": "https://res.cloudinary.com/ssenseweb/image/upload/b_white%2Cc_lpad%2Cg_center%2Ch_960%2Cw_960/c_scale%2Ch_680/f_auto%2Cdpr_1.0/212278F048110_1.jpg",
    "image_3": "https://cdn.modesens.com/availability/45679936?w=400&",
    "image_4": "http://res.cloudinary.com/djtnxo4ow/image/private/s--odR_p8uF--/v1641314060/image1/czmwqe5fkw8inxhzicms.jpg?date=2022-01-04",
    "product_name": "Wish"
  },
  {
    "user_icon": "https://modesens.com/closet/xx.jku%2A/",
    "user_icon_main": "https://cdn.modesens.com/uicon/164024-1578030842s?w=100&",
    "user_name": "Xx.Jku*",
    "image": "https://cdn.modesens.com/availability/48268810?w=800&",
    "image_2": "https://cdn-images.farfetch-contents.com/14/94/43/05/14944305_24546621_1000.jpg",
    "image_3": "https://cdn.modesens.com/product/22208550_255?w=400&",
    "image_4": "https://cdn.modesens.com/product/24045221_32?w=400&",
    "product_name": "VERSACE"
  },
  {
    "user_icon": "https://modesens.com/closet/ifyouknowyouknow/",
    "user_icon_main": "https://cdn.modesens.com/uicon/398468-1595926302s?w=100&",
    "user_name": "FARMRio",
    "image": "https://cdn.modesens.com/umedia/1605095s",
    "image_2": "https://cdn.modesens.com/availability/51676666?w=400&",
    "image_3": "https://cdn.modesens.com/availability/51676675?w=400&",
    "image_4": "https://cdn.modesens.com/availability/51676668?w=400&",
    "product_name": "FARMRio Top Model"
  },
  {
    "user_icon": "https://modesens.com/closet/henrikjoey/",
    "user_icon_main": "https://cdn.modesens.com/uicon/729601-1644247552s?w=100&",
    "user_name": "HenrikJoey",
    "image": "https://cdn.modesens.com/availability/48974218?w=800&",
    "image_2": "https://cdn-images.farfetch-contents.com/16/11/09/77/16110977_30405248_1000.jpg",
    "image_3": "https://res.cloudinary.com/ssenseweb/image/upload/b_white%2Cc_lpad%2Cg_center%2Ch_960%2Cw_960/c_scale%2Ch_680/f_auto%2Cdpr_1.0/211607M213009_1.jpg",
    "image_4": "https://atterley-core-staging.s3-eu-west-1.amazonaws.com/productImages/6a81d111c9ac394ece7d6aa16e17a130.jpeg",
    "product_name": "Off-White"
  },
  {
    "user_icon": "https://modesens.com/closet/toryburch/",
    "user_icon_main": "https://cdn.modesens.com/uicon/4056s?w=100&",
    "user_name": "toryburch",
    "image": "https://cdn.modesens.com/product/17214403_6?w=800&",
    "image_2": "https://cdn-images.farfetch-contents.com/17/78/12/19/17781219_37468253_1000.jpg",
    "image_3": "https://cdn-images.farfetch-contents.com/15/69/84/75/15698475_28626912_1000.jpg",
    "image_4": "https://cdn-images.farfetch-contents.com/16/64/78/31/16647831_34550485_1000.jpg",
    "product_name": "Girlboss Edit"
  },
  {
    "user_icon": "https://modesens.com/closet/modesens/",
    "user_icon_main": "https://cdn.modesens.com/uicon/2-1538278855s?w=100&",
    "user_name": "ModeSens",
    "image": "https://cdn-images.farfetch-contents.com/18/34/10/75/18341075_39324215_1000.jpg",
    "image_2": "https://cdn.modesens.com/product/35264480_1?w=400&",
    "image_3": "https://theapartmentstorage.blob.core.windows.net/product/17114/original/06535932-5283-49f2-b3cd-7c288824d041.jpg",
    "image_4": "https://image.harrods.com/17/67/43/68/17674368_37031406_800.jpg",
    "product_name": "tanks"
  },
  {
    "user_icon": "https://modesens.com/closet/farmrio/",
    "user_icon_main": "https://cdn.modesens.com/uicon/398468-1595926302s?w=100&",
    "user_name": "FARMRio",
    "image": "https://cdn-images.farfetch-contents.com/18/34/10/75/18341075_39324215_1000.jpg",
    "image_2": "https://cdn.modesens.com/product/35264480_1?w=400&",
    "image_3": "https://theapartmentstorage.blob.core.windows.net/product/17114/original/06535932-5283-49f2-b3cd-7c288824d041.jpg",
    "image_4": "https://image.harrods.com/17/67/43/68/17674368_37031406_800.jpg",
    "product_name": "tanks"
  },
  {
    "user_icon": "https://modesens.com/closet/cosstores/",
    "user_icon_main": "https://cdn.modesens.com/uicon/402756-1596625099s?w=100&",
    "user_name": "COSstores",
    "image": "https://media.gucci.com/style/White_Center_0_0_2400x2400/1652463960/692108_XJEKY_9088_001_100_0000_Light.jpg",
    "image_2": "https://media.gucci.com/style/White_Center_0_0_2400x2400/1652108404/696270_XJEGU_9799_001_100_0000_Light.jpg",
    "image_3": "https://media.gucci.com/style/White_Center_0_0_2400x2400/1652199386/702912_I6656_0425_001_100_0000_Light.jpg",
    "image_4": "https://media.gucci.com/style/White_Center_0_0_2400x2400/1651167951/707848_9STU0_6360_001_100_0000_Light.jpg",
    "product_name": "adidas x Gucci Collab Edit (Men)"
  },
  {
    "user_icon_main": "https://cdn.modesens.com/uicon/2-1538278855s?w=100&",
    "corner-icon src": "https://cdn.modesens.com/static/img/official.png",
    "user_name": "ModeSens",
    "image": "https://cdn-images.farfetch-contents.com/17/93/62/78/17936278_37966774_1000.jpg",
    "image_2": "https://cdn.modesens.com/availability/46054711?w=400&",
    "image_3": "https://cdn-images.farfetch-contents.com/17/78/09/54/17780954_37365045_1000.jpg",
    "image_4": "https://www.sugar.it/pub/media/catalog/product/2/7/27_OMNB003S22FAB001-1001_1.jpg",
    "product_name": "Bags on Sale for Men"
  },
  {
    "user_icon_main": "https://cdn.modesens.com/uicon/164024-1578030842s?w=100&",
    "corner-icon src": "",
    "user_name": "Xx.Jku*",
    "image": "https://cdn.modesens.com/availability/48268810?w=800&",
    "image_2": "https://cdn-images.farfetch-contents.com/14/94/43/05/14944305_24546621_1000.jpg",
    "image_3": "https://cdn.modesens.com/product/22208550_255?w=400&",
    "image_4": "https://cdn.modesens.com/product/24045221_32?w=400&",
    "product_name": "VERSACE"
  },
  {
    "user_icon_main": "https://cdn.modesens.com/uicon/2-1538278855s?w=100&",
    "corner-icon src": "https://cdn.modesens.com/static/img/official.png",
    "user_name": "ModeSens",
    "image": "https://assets.adidas.com/images/h_840,f_auto,q_auto,fl_lossy,c_fill,g_auto/639de43503824dd7a144adaf0138dfa7_9366/AEROREADY_FREELIFT_PR_TEE_Black_HB0880_21_model.jpg",
    "image_2": "https://cdn.modesens.com/availability/48307998?w=400&",
    "image_3": "https://cdn-images.farfetch-contents.com/17/33/70/12/17337012_36775640_1000.jpg",
    "image_4": "https://image.harrods.com/17/67/43/68/17674368_37031406_800.jpg",
    "product_name": "Adidas x Gucci Collab Edit (Women)"
  },
  {
    "user_icon_main": "https://cdn.modesens.com/uicon/2-1538278855s?w=100&",
    "corner-icon src": "https://cdn.modesens.com/static/img/official.png",
    "user_name": "ModeSens",
    "image": "https://www.theoutnet.com/variants/images/16114163151036028/R/w960.jpg",
    "image_2": "https://cdn.modesens.com/product/25220886_3?w=400&",
    "image_3": "https://res.cloudinary.com/ssenseweb/image/upload/b_white%2Cc_lpad%2Cg_center%2Ch_960%2Cw_960/c_scale%2Ch_680/f_auto%2Cdpr_1.0/v572/201240F097005_1.jpg",
    "image_4": "https://www.yoox.com/images/items/12/12562939cq_12_f.jpg",
    "product_name": "Reebok x VB"
  },
  
  {
    "user_icon_main": "https://cdn.modesens.com/uicon/729601-1644247552s?w=100&",
    "corner-icon src": "",
    "user_name": "HenrikJoey",
    "image": "https://static.zara.net/photos///2022/I/0/1/p/2547/636/620/2/w/1126/2547636620_1_1_1.jpg?ts=1652354125095",
    "image_2": "https://images.urbndata.com/is/image/FreePeople/47745617_068_a/?$a15-pdp-detail-shot$&fit=constrain&fmt=webp&qlt=80&wid=1314",
    "image_3": "https://cdn.modesens.com/umedia/1587579?w=400&",
    "image_4": "https://cdn.modesens.com/umedia/1587573?w=400&",
    "product_name": "Annie's Wedding"
  },
  {
    "user_icon_main": "https://cdn.modesens.com/uicon/2-1538278855s?w=100&",
    "corner-icon src": "https://cdn.modesens.com/static/img/official.png",
    "user_name": "igor.kiselev",
    "image": "https://image.s5a.com/is/image/saks/0400014194406_YELLOW?wid=972&hei=1296&fmt=jpeg&qlt=90%2C0&op_sharpen=1&resMode=trilin&op_usm=0.8%2C1.0%2C6%2C0&iccEmbed=0",
    "image_2": "https://cdn.modesens.com/product/27311973_3?w=400&",
    "image_3": "https://cdn.modesens.com/product/23944122_3?w=400&",
    "image_4": "https://cdn.modesens.com/product/23935739_1?w=400&",
    "product_name": "kiton likes"
  },
  
  {
    "user_icon": "https://modesens.com/closet/divya.viveka/",
    "user_icon_main": "https://cdn.modesens.com/uicon/5-1647794548s?w=100&",
    "user_name": "jinglenstyle",
    "image": "https://cdn.modesens.com/umedia/1603539s",
    "image_2": "https://media.bergdorfgoodman.com/f_auto,q_auto,b_auto,c_pad/01/bg_4276171_100380_m",
    "image_3": "https://img.mytheresa.com/1000/1000/95/jpeg/catalog/product/1b/P00657543.jpg",
    "image_4": "https://cdn-images.farfetch-contents.com/18/28/49/91/18284991_39162056_1000.jpg",
    "product_name": "Denim on Denim"
  },
  {
    "user_icon": "https://modesens.com/closet/divya.viveka/",
    "user_icon_main": "https://cdn.modesens.com/user?w=100&",
    "user_name": "divya.viveka",
    "image": "https://img.brownsfashion.com/17/53/44/27/17534427_37262430_1000.jpg",
    "image_2": "https://res.cloudinary.com/ssenseweb/image/upload/b_white%2Cc_lpad%2Cg_center%2Ch_960%2Cw_960/c_scale%2Ch_680/f_auto%2Cdpr_1.0/212278F048110_1.jpg",
    "image_3": "https://cdn.modesens.com/availability/45679936?w=400&",
    "image_4": "http://res.cloudinary.com/djtnxo4ow/image/private/s--odR_p8uF--/v1641314060/image1/czmwqe5fkw8inxhzicms.jpg?date=2022-01-04",
    "product_name": "Wish"
  },
  {
    "user_icon": "https://modesens.com/closet/xx.jku%2A/",
    "user_icon_main": "https://cdn.modesens.com/uicon/164024-1578030842s?w=100&",
    "user_name": "Xx.Jku*",
    "image": "https://cdn.modesens.com/umedia/1605071s",
    "image_2": "https://cdn-images.farfetch-contents.com/14/94/43/05/14944305_24546621_1000.jpg",
    "image_3": "https://cdn.modesens.com/product/22208550_255?w=400&",
    "image_4": "https://cdn.modesens.com/product/24045221_32?w=400&",
    "product_name": "VERSACE"
  },
  {
    "user_icon": "https://modesens.com/closet/ifyouknowyouknow/",
    "user_icon_main": "https://cdn.modesens.com/uicon/398468-1595926302s?w=100&",
    "user_name": "FARMRio",
    "image": "https://cdn.modesens.com/umedia/1605095s",
    "image_2": "https://cdn.modesens.com/availability/51676666?w=400&",
    "image_3": "https://cdn.modesens.com/availability/51676675?w=400&",
    "image_4": "https://cdn.modesens.com/availability/51676668?w=400&",
    "product_name": "FARMRio Top Model"
  },
  {
    "user_icon": "https://modesens.com/closet/henrikjoey/",
    "user_icon_main": "https://cdn.modesens.com/uicon/729601-1644247552s?w=100&",
    "user_name": "HenrikJoey",
    "image": "https://cdn.modesens.com/availability/48974218?w=800&",
    "image_2": "https://cdn-images.farfetch-contents.com/16/11/09/77/16110977_30405248_1000.jpg",
    "image_3": "https://res.cloudinary.com/ssenseweb/image/upload/b_white%2Cc_lpad%2Cg_center%2Ch_960%2Cw_960/c_scale%2Ch_680/f_auto%2Cdpr_1.0/211607M213009_1.jpg",
    "image_4": "https://atterley-core-staging.s3-eu-west-1.amazonaws.com/productImages/6a81d111c9ac394ece7d6aa16e17a130.jpeg",
    "product_name": "Off-White"
  },
  {
    "user_icon": "https://modesens.com/closet/toryburch/",
    "user_icon_main": "https://cdn.modesens.com/uicon/4056s?w=100&",
    "user_name": "toryburch",
    "image": "https://cdn.modesens.com/product/17214403_6?w=800&",
    "image_2": "https://cdn-images.farfetch-contents.com/17/78/12/19/17781219_37468253_1000.jpg",
    "image_3": "https://cdn-images.farfetch-contents.com/15/69/84/75/15698475_28626912_1000.jpg",
    "image_4": "https://cdn-images.farfetch-contents.com/16/64/78/31/16647831_34550485_1000.jpg",
    "product_name": "Girlboss Edit"
  },
  {
    "user_icon": "https://modesens.com/closet/modesens/",
    "user_icon_main": "https://cdn.modesens.com/uicon/2-1538278855s?w=100&",
    "user_name": "ModeSens",
    "image": "https://cdn-images.farfetch-contents.com/18/34/10/75/18341075_39324215_1000.jpg",
    "image_2": "https://cdn.modesens.com/product/35264480_1?w=400&",
    "image_3": "https://theapartmentstorage.blob.core.windows.net/product/17114/original/06535932-5283-49f2-b3cd-7c288824d041.jpg",
    "image_4": "https://image.harrods.com/17/67/43/68/17674368_37031406_800.jpg",
    "product_name": "tanks"
  },
  {
    "user_icon": "https://modesens.com/closet/cosstores/",
    "user_icon_main": "https://cdn.modesens.com/uicon/402756-1596625099s?w=100&",
    "user_name": "COSstores",
    "image": "https://media.gucci.com/style/White_Center_0_0_2400x2400/1652463960/692108_XJEKY_9088_001_100_0000_Light.jpg",
    "image_2": "https://media.gucci.com/style/White_Center_0_0_2400x2400/1652108404/696270_XJEGU_9799_001_100_0000_Light.jpg",
    "image_3": "https://media.gucci.com/style/White_Center_0_0_2400x2400/1652199386/702912_I6656_0425_001_100_0000_Light.jpg",
    "image_4": "https://media.gucci.com/style/White_Center_0_0_2400x2400/1651167951/707848_9STU0_6360_001_100_0000_Light.jpg",
    "product_name": "adidas x Gucci Collab Edit (Men)"
  },
  {
    "user_icon_main": "https://cdn.modesens.com/uicon/2-1538278855s?w=100&",
    "corner-icon src": "https://cdn.modesens.com/static/img/official.png",
    "user_name": "ModeSens",
    "image": "https://cdn-images.farfetch-contents.com/17/93/62/78/17936278_37966774_1000.jpg",
    "image_2": "https://cdn.modesens.com/availability/46054711?w=400&",
    "image_3": "https://cdn-images.farfetch-contents.com/17/78/09/54/17780954_37365045_1000.jpg",
    "image_4": "https://www.sugar.it/pub/media/catalog/product/2/7/27_OMNB003S22FAB001-1001_1.jpg",
    "product_name": "Bags on Sale for Men"
  },
  {
    "user_icon_main": "https://cdn.modesens.com/uicon/164024-1578030842s?w=100&",
    "corner-icon src": "",
    "user_name": "Xx.Jku*",
    "image": "https://cdn.modesens.com/availability/48268810?w=800&",
    "image_2": "https://cdn-images.farfetch-contents.com/14/94/43/05/14944305_24546621_1000.jpg",
    "image_3": "https://cdn.modesens.com/product/22208550_255?w=400&",
    "image_4": "https://cdn.modesens.com/product/24045221_32?w=400&",
    "product_name": "VERSACE"
  },
  {
    "user_icon_main": "https://cdn.modesens.com/uicon/2-1538278855s?w=100&",
    "corner-icon src": "https://cdn.modesens.com/static/img/official.png",
    "user_name": "ModeSens",
    "image": "https://cdn.modesens.com/product/38567711_12?w=800&",
    "image_2": "https://cdn.modesens.com/availability/48307998?w=400&",
    "image_3": "https://cdn-images.farfetch-contents.com/17/33/70/12/17337012_36775640_1000.jpg",
    "image_4": "https://image.harrods.com/17/67/43/68/17674368_37031406_800.jpg",
    "product_name": "adidas x Gucci Collab Edit (Women)"
  },
  {
    "user_icon_main": "https://cdn.modesens.com/uicon/2-1538278855s?w=100&",
    "corner-icon src": "https://cdn.modesens.com/static/img/official.png",
    "user_name": "ModeSens",
    "image": "https://www.theoutnet.com/variants/images/16114163151036028/R/w960.jpg",
    "image_2": "https://cdn.modesens.com/product/25220886_3?w=400&",
    "image_3": "https://res.cloudinary.com/ssenseweb/image/upload/b_white%2Cc_lpad%2Cg_center%2Ch_960%2Cw_960/c_scale%2Ch_680/f_auto%2Cdpr_1.0/v572/201240F097005_1.jpg",
    "image_4": "https://www.yoox.com/images/items/12/12562939cq_12_f.jpg",
    "product_name": "Reebok x VB"
  },
  {
    "user_icon_main": "https://cdn.modesens.com/upload/224e0360-32d4-4d12-85d6-7a8135843545.jpg?w=100&",
    "corner-icon src": "",
    "user_name": "clairechng",
    "image": "https://res.cloudinary.com/nmg-prod/image/upload/f_auto/q_auto:good/v1670302774/bg_content/Homepage/r_HP_MainEdit1_120622.jpg",
    "image_2": "https://cdn.modesens.com/availability/48307998?w=400&",
    "image_3": "https://cdn-images.farfetch-contents.com/17/33/70/12/17337012_36775640_1000.jpg",
    "image_4": "https://image.harrods.com/17/67/43/68/17674368_37031406_800.jpg",
    "product_name": "Bergdorf Goodman Bridal Edit"
  },
  {
    "user_icon_main": "https://cdn.modesens.com/uicon/729601-1644247552s?w=100&",
    "corner-icon src": "",
    "user_name": "HenrikJoey",
    "image": "https://static.zara.net/photos///2022/I/0/1/p/2547/636/620/2/w/1126/2547636620_1_1_1.jpg?ts=1652354125095",
    "image_2": "https://images.urbndata.com/is/image/FreePeople/47745617_068_a/?$a15-pdp-detail-shot$&fit=constrain&fmt=webp&qlt=80&wid=1314",
    "image_3": "https://cdn.modesens.com/umedia/1587579?w=400&",
    "image_4": "https://cdn.modesens.com/umedia/1587573?w=400&",
    "product_name": "Annie's Wedding"
  },
  {
    "user_icon_main": "https://cdn.modesens.com/uicon/2-1538278855s?w=100&",
    "corner-icon src": "https://cdn.modesens.com/static/img/official.png",
    "user_name": "igor.kiselev",
    "image": "https://image.s5a.com/is/image/saks/0400014194406_YELLOW?wid=972&hei=1296&fmt=jpeg&qlt=90%2C0&op_sharpen=1&resMode=trilin&op_usm=0.8%2C1.0%2C6%2C0&iccEmbed=0",
    "image_2": "https://cdn.modesens.com/product/27311973_3?w=400&",
    "image_3": "https://cdn.modesens.com/product/23944122_3?w=400&",
    "image_4": "https://cdn.modesens.com/product/23935739_1?w=400&",
    "product_name": "kiton likes"
  },

  {
    "user_icon": "https://modesens.com/closet/divya.viveka/",
    "user_icon_main": "https://cdn.modesens.com/uicon/5-1647794548s?w=100&",
    "user_name": "jinglenstyle",
    "image": "https://cdn.modesens.com/umedia/1603539s",
    "image_2": "https://media.bergdorfgoodman.com/f_auto,q_auto,b_auto,c_pad/01/bg_4276171_100380_m",
    "image_3": "https://img.mytheresa.com/1000/1000/95/jpeg/catalog/product/1b/P00657543.jpg",
    "image_4": "https://cdn-images.farfetch-contents.com/18/28/49/91/18284991_39162056_1000.jpg",
    "product_name": "Denim on Denim"
  }
]
