[
  {
    "image": "http://res.cloudinary.com/ducgyycpy/image/upload/v1677400915/top/aliawx2a6oid4hpmqbvz.jpg,http://res.cloudinary.com/ducgyycpy/image/upload/v1677400915/top/amnvfzrfuo233usqqrbv.jpg,http://res.cloudinary.com/ducgyycpy/image/upload/v1677400915/top/chrzfmcbyrvs9dbrslxq.jpg,http://res.cloudinary.com/ducgyycpy/image/upload/v1677400915/top/dunzhp12e2peowjnyj50.jpg",
    "title": "Black Top",
    "description": "best of the colour i.e black for girls",
    "price": "800",
    "originalPrice": "899",
    "sizes": "XS ,  S , M , L , XL",
    "category": "top",
    "style": "solid",
    "color": "black",
    "material": "rayon",
    "fit": "regular",
    "occasion": "party",
    "sleeves": "sleeveless",
    "brand": "zara",
    "gender": "female",
    "delivery": "2",
    "tags": "top, party",
    "stock": "90"
  },
  {
    "image": "http://res.cloudinary.com/ducgyycpy/image/upload/v1677400915/top/dwe9chau2eybestnfrcl.jpg,http://res.cloudinary.com/ducgyycpy/image/upload/v1677400915/top/effyycjb5orkufatqw1c.jpg,http://res.cloudinary.com/ducgyycpy/image/upload/v1677400915/top/eogq3qiogor4ayldvvhx.jpg,http://res.cloudinary.com/ducgyycpy/image/upload/v1677400915/top/f6gjcn5ttsexjh0icz1p.jpg",
    "title": "Black Top",
    "description": "best of the colour i.e black for girls",
    "price": "950",
    "originalPrice": "999",
    "sizes": "XS ,  S ,  L , XL",
    "category": "top",
    "style": "solid",
    "color": "black",
    "material": "rayon",
    "fit": "regular",
    "occasion": "party",
    "sleeves": "sleeveless",
    "brand": "zara",
    "gender": "female",
    "delivery": "2",
    "tags": "top, party",
    "stock": "90"
  },
  {
    "image": "http://res.cloudinary.com/ducgyycpy/image/upload/v1677400915/top/fa1xawdhwy9imdnq0bgk.jpg,http://res.cloudinary.com/ducgyycpy/image/upload/v1677400915/top/fk439m0ac7don8bikbtn.jpg,http://res.cloudinary.com/ducgyycpy/image/upload/v1677400915/top/fkpwhsgpu63nbfiirdg8.jpg,http://res.cloudinary.com/ducgyycpy/image/upload/v1677400915/top/fl7uowgrnqpgst7yjhiw.jpg",
    "title": "white Top",
    "description": "best of the colour i.e white for girls",
    "price": "900",
    "originalPrice": "999",
    "sizes": "XS ,  S , M , L ",
    "category": "top",
    "style": "solid",
    "color": "white",
    "material": "cotton",
    "fit": "regular",
    "occasion": "party",
    "sleeves": "sleeveless",
    "brand": "zara",
    "gender": "female",
    "delivery": "2",
    "tags": "top, party",
    "stock": "90"
  },
  {
    "image": "http://res.cloudinary.com/ducgyycpy/image/upload/v1677400915/top/fngvvu4qowtiuldlggps.jpg,http://res.cloudinary.com/ducgyycpy/image/upload/v1677400915/top/fp4hrjc30up1mng90fhj.jpg,http://res.cloudinary.com/ducgyycpy/image/upload/v1677400915/top/geyjvjogv8n4oabnu06z.jpg,http://res.cloudinary.com/ducgyycpy/image/upload/v1677400915/top/gjzzsclvkcq9kataanqi.jpg",
    "title": "blue Top",
    "description": "best of the colour i.e blue for girls",
    "price": "950",
    "originalPrice": "999",
    "sizes": "  S , M , L , XL",
    "category": "top",
    "style": "solid",
    "color": "blue",
    "material": "rayon",
    "fit": "regular",
    "occasion": "party",
    "sleeves": "half",
    "brand": "zara",
    "gender": "female",
    "delivery": "2",
    "tags": "top, party",
    "stock": "90"
  },
  {
    "image": "http://res.cloudinary.com/ducgyycpy/image/upload/v1677400915/top/gwaip0ikappeqclvs3dh.jpg,http://res.cloudinary.com/ducgyycpy/image/upload/v1677400915/top/gy4heegmfu935btfj9ve.jpg,http://res.cloudinary.com/ducgyycpy/image/upload/v1677400915/top/hjwhuewfl636ckk5gfxc.jpg,http://res.cloudinary.com/ducgyycpy/image/upload/v1677400915/top/hkyufaru9fsb6bez2ncl.jpg",
    "title": "pink Top",
    "description": "best of the colour i.e pink for girls",
    "price": "850",
    "originalPrice": "899",
    "sizes": "XS ,  S , M , L ",
    "category": "top",
    "style": "solid",
    "color": "pink",
    "material": "rayon",
    "fit": "regular",
    "occasion": "party",
    "sleeves": "half",
    "brand": "zara",
    "gender": "female",
    "delivery": "2",
    "tags": "top, party",
    "stock": "90"
  },
  {
    "image": "http://res.cloudinary.com/ducgyycpy/image/upload/v1677400915/top/hvb3uwpyl1fxpz83ktkx.jpg,http://res.cloudinary.com/ducgyycpy/image/upload/v1677400915/top/iejtpe1no0hp9ll5czvk.jpg,http://res.cloudinary.com/ducgyycpy/image/upload/v1677400915/top/iyxajfl57ph9fgr8tliy.jpg,http://res.cloudinary.com/ducgyycpy/image/upload/v1677400915/top/j9xendh92y3jnkdp1ikn.jpg",
    "title": "pink Top",
    "description": "best of the colour i.e pink for girls",
    "price": "1400",
    "originalPrice": "1599",
    "sizes": "XS ,  S , M , L , XL",
    "category": "top",
    "style": "solid",
    "color": "pink",
    "material": "rayon",
    "fit": "regular",
    "occasion": "party",
    "sleeves": "half",
    "brand": "zara",
    "gender": "female",
    "delivery": "2",
    "tags": "top, party",
    "stock": "90"
  },
  {
    "image": "http://res.cloudinary.com/ducgyycpy/image/upload/v1677400915/top/jl8dra1c0p50aauznujx.jpg,http://res.cloudinary.com/ducgyycpy/image/upload/v1677400915/top/kdlzgdctamyahrxqi08f.jpg,http://res.cloudinary.com/ducgyycpy/image/upload/v1677400915/top/kfzlo3aumye3slul7d6o.jpg,http://res.cloudinary.com/ducgyycpy/image/upload/v1677400915/top/kh0inbffhdnd0qp4xemw.jpg",
    "title": "blue Top",
    "description": "best of the colour i.e blue for girls",
    "price": "1450",
    "originalPrice": "1599",
    "sizes": "XS ,  S , M , L , XL",
    "category": "top",
    "style": "solid",
    "color": "blue",
    "material": "rayon",
    "fit": "regular",
    "occasion": "party",
    "sleeves": "sleeveless",
    "brand": "yepme",
    "gender": "female",
    "delivery": "2",
    "tags": "top, party",
    "stock": "90"
  },
  {
    "image": "http://res.cloudinary.com/ducgyycpy/image/upload/v1677400915/top/ktfvwb33r7ftoha81mov.jpg,http://res.cloudinary.com/ducgyycpy/image/upload/v1677400915/top/kzdg6rx87i6a52in3mmw.jpg,http://res.cloudinary.com/ducgyycpy/image/upload/v1677400915/top/lq5zigh95ww8xqurfuzy.jpg,http://res.cloudinary.com/ducgyycpy/image/upload/v1677400915/top/lzgg20faztowx4oo8o07.jpg",
    "title": "pink Top",
    "description": "best of the colour i.e pink for girls",
    "price": "950",
    "originalPrice": "999",
    "sizes": "XS ,  S , M , L ",
    "category": "top",
    "style": "solid",
    "color": "pink",
    "material": "rayon",
    "fit": "regular",
    "occasion": "casual",
    "sleeves": "sleeveless",
    "brand": "yepme",
    "gender": "female",
    "delivery": "2",
    "tags": "top, casual",
    "stock": "90"
  },
  {
    "image": "http://res.cloudinary.com/ducgyycpy/image/upload/v1677400915/top/m3pv6yokbsax9q7jndh9.jpg,http://res.cloudinary.com/ducgyycpy/image/upload/v1677400915/top/m7gdjooprsrjblfonk6f.jpg,http://res.cloudinary.com/ducgyycpy/image/upload/v1677400915/top/mbbzdds8v2y4vftqnvvg.jpg,http://res.cloudinary.com/ducgyycpy/image/upload/v1677400915/top/ml4avslusz63fh5o7sud.jpg",
    "title": "brown shirt",
    "description": "best of the colour i.e brown for girls",
    "price": "940",
    "originalPrice": "999",
    "sizes": "XS ,  S , M , L , XL",
    "category": "shirt",
    "style": "solid",
    "color": "brown",
    "material": "rayon",
    "fit": "regular",
    "occasion": "formal",
    "sleeves": "full",
    "brand": "yepme",
    "gender": "female",
    "delivery": "2",
    "tags": "shirt, formal",
    "stock": "90"
  },
  {
    "image": "http://res.cloudinary.com/ducgyycpy/image/upload/v1677400915/top/mu82djliwj7rinqslxkh.jpg,http://res.cloudinary.com/ducgyycpy/image/upload/v1677400915/top/njdmvevyeuc2rijmxuox.jpg,http://res.cloudinary.com/ducgyycpy/image/upload/v1677400915/top/nqqtgrwnxnfttyuekrsy.jpg,http://res.cloudinary.com/ducgyycpy/image/upload/v1677400915/top/nys5j8ez4avxutmfthku.jpg",
    "title": "green shirt",
    "description": "best of the colour i.e green for girls",
    "price": "950",
    "originalPrice": "999",
    "sizes": "XS ,  S ,  L , XL",
    "category": "top",
    "style": "solid",
    "color": "green",
    "material": "rayon",
    "fit": "regular",
    "occasion": "formal",
    "sleeves": "sleeveless",
    "brand": "yepme",
    "gender": "female",
    "delivery": "2",
    "tags": "shirt, formal",
    "stock": "90"
  },
  {
    "image": "http://res.cloudinary.com/ducgyycpy/image/upload/v1677400915/top/of9w50wsdswp6p79ikig.jpg,http://res.cloudinary.com/ducgyycpy/image/upload/v1677400915/top/ohhplskn9qirxrsct3jv.jpg,http://res.cloudinary.com/ducgyycpy/image/upload/v1677400915/top/oqvm0x7uq2mqraiewyi0.jpg,http://res.cloudinary.com/ducgyycpy/image/upload/v1677400915/top/ot5pv79snefl4lbxorer.jpg",
    "title": "white Top",
    "description": "best of the colour i.e white for girls",
    "price": "990",
    "originalPrice": "1099",
    "sizes": "XS ,  S , M , L ",
    "category": "top",
    "style": "solid",
    "color": "white",
    "material": "cotton",
    "fit": "regular",
    "occasion": "party",
    "sleeves": "sleeveless",
    "brand": "zara",
    "gender": "female",
    "delivery": "2",
    "tags": "top, party",
    "stock": "90"
  },
  {
    "image": "http://res.cloudinary.com/ducgyycpy/image/upload/v1677400915/top/pi38uzvhig7gmpjhmtql.jpg,http://res.cloudinary.com/ducgyycpy/image/upload/v1677400915/top/poi5ysrfu0vltu8w6jpx.jpg,http://res.cloudinary.com/ducgyycpy/image/upload/v1677400915/top/qw1xz7zb0ya3mrd1eet0.jpg,http://res.cloudinary.com/ducgyycpy/image/upload/v1677400915/top/re2ipcp5lz0o4jgzfq3r.jpg",
    "title": "blue shirt",
    "description": "best of the colour i.e blue for girls",
    "price": "950",
    "originalPrice": "999",
    "sizes": "  S , M , L , XL",
    "category": "top",
    "style": "solid",
    "color": "blue",
    "material": "rayon",
    "fit": "regular",
    "occasion": "casual",
    "sleeves": "half",
    "brand": "zara",
    "gender": "female",
    "delivery": "2",
    "tags": "shirt, casual",
    "stock": "90"
  },
  {
    "image": "http://res.cloudinary.com/ducgyycpy/image/upload/v1677400915/top/ri2jrp5l8a238ciquwf6.jpg,http://res.cloudinary.com/ducgyycpy/image/upload/v1677400915/top/rqffbvcntb2ntxwem00b.jpg,http://res.cloudinary.com/ducgyycpy/image/upload/v1677400915/top/skenknj6hm4sbiethugh.jpg,http://res.cloudinary.com/ducgyycpy/image/upload/v1677400915/top/sspekgmp9arrjwi2pazg.jpg",
    "title": "orange Top",
    "description": "best of the colour i.e orange for girls",
    "price": "850",
    "originalPrice": "899",
    "sizes": "XS ,  S , M , L ",
    "category": "top",
    "style": "solid",
    "color": "orange",
    "material": "rayon",
    "fit": "regular",
    "occasion": "party",
    "sleeves": "half",
    "brand": "zara",
    "gender": "female",
    "delivery": "2",
    "tags": "top, party",
    "stock": "90"
  },
  {
    "image": "http://res.cloudinary.com/ducgyycpy/image/upload/v1677400915/top/sx4vgbcam0m1f6sujqud.jpg,http://res.cloudinary.com/ducgyycpy/image/upload/v1677400915/top/tdtx9pxynm51yfnezzgl.jpg,http://res.cloudinary.com/ducgyycpy/image/upload/v1677400915/top/tlwmdqwcplylyb1qyed1.jpg,http://res.cloudinary.com/ducgyycpy/image/upload/v1677400915/top/tzbqf7z1lcjd7cq61d42.jpg",
    "title": "yellow Top",
    "description": "best of the colour i.e yellow for girls",
    "price": "1450",
    "originalPrice": "1599",
    "sizes": "XS ,  S , M , L , XL",
    "category": "top",
    "style": "solid",
    "color": "yellow",
    "material": "rayon",
    "fit": "regular",
    "occasion": "party",
    "sleeves": "half",
    "brand": "zara",
    "gender": "female",
    "delivery": "2",
    "tags": "top, party",
    "stock": "90"
  },
  {
    "image": "http://res.cloudinary.com/ducgyycpy/image/upload/v1677400915/top/ug35cnced0st9zh0vtb1.jpg,http://res.cloudinary.com/ducgyycpy/image/upload/v1677400915/top/vbgtp6csw0j6uk90ftug.jpg,http://res.cloudinary.com/ducgyycpy/image/upload/v1677400915/top/vsv9pwtyw07as0uet3xq.jpg,http://res.cloudinary.com/ducgyycpy/image/upload/v1677400915/top/vv0gsxgn7s6c2tyk7uzr.jpg",
    "title": "green Top",
    "description": "best of the colour i.e green for girls",
    "price": "1650",
    "originalPrice": "1799",
    "sizes": "XS ,  S , M , L , XL",
    "category": "top",
    "style": "solid",
    "color": "green",
    "material": "rayon",
    "fit": "regular",
    "occasion": "party",
    "sleeves": "sleeveless",
    "brand": "zara",
    "gender": "female",
    "delivery": "2",
    "tags": "top, party",
    "stock": "90"
  },
  {
    "image": "http://res.cloudinary.com/ducgyycpy/image/upload/v1677400915/top/w4dmo4nojh21y5jzb86t.jpg,http://res.cloudinary.com/ducgyycpy/image/upload/v1677400915/top/wv2epdg7pzfelnte6ytm.jpg,http://res.cloudinary.com/ducgyycpy/image/upload/v1677400915/top/zctlkgv3turoi1kbfxhq.jpg,http://res.cloudinary.com/ducgyycpy/image/upload/v1677400915/top/zeg78hxaddeejxawiotj.jpg",
    "title": "pink Top",
    "description": "best of the colour i.e pink for girls",
    "price": "1950",
    "originalPrice": "1999",
    "sizes": "XS ,  S , M , L ",
    "category": "top",
    "style": "solid",
    "color": "pink",
    "material": "rayon",
    "fit": "regular",
    "occasion": "casual",
    "sleeves": "sleeveless",
    "brand": "zara",
    "gender": "female",
    "delivery": "2",
    "tags": "top, casual",
    "stock": "90"
  },
  {
    "image": "http://res.cloudinary.com/ducgyycpy/image/upload/v1677400776/mens/acgkadnjwahsyjdj5dmi.jpg,http://res.cloudinary.com/ducgyycpy/image/upload/v1677400776/mens/amratyxo5ju58jjrv84p.jpg,http://res.cloudinary.com/ducgyycpy/image/upload/v1677400776/mens/aqkpmavtaxbx9aylxmfv.jpg,http://res.cloudinary.com/ducgyycpy/image/upload/v1677400776/mens/arcrpzefcmclihs9te3b.jpg",
    "title": "green shirt",
    "description": "best of the colour i.e green for Male",
    "price": "800",
    "originalPrice": "849",
    "sizes": "38 , 42",
    "category": "shirt",
    "style": "solid",
    "color": "green",
    "material": "cotton",
    "fit": "regular",
    "occasion": "casual",
    "sleeves": "full",
    "brand": "yepme",
    "gender": "male",
    "delivery": "2",
    "tags": "shirt, casual",
    "stock": "90"
  },
  {
    "image": "http://res.cloudinary.com/ducgyycpy/image/upload/v1677400776/mens/avtlawcufgbkdwggebje.jpg,http://res.cloudinary.com/ducgyycpy/image/upload/v1677400776/mens/bfqqtq9ziqugtvaoyoj9.jpg,http://res.cloudinary.com/ducgyycpy/image/upload/v1677400776/mens/bvrcaxd5fhye9m0upnwl.jpg,http://res.cloudinary.com/ducgyycpy/image/upload/v1677400776/mens/c5d7rd1wgkgelsf5qqfq.jpg",
    "title": "blue shirt",
    "description": "best of the colour i.e blue for Male",
    "price": "1850",
    "originalPrice": "1900",
    "sizes": "36,38,40,42,44",
    "category": "shirt",
    "style": "solid",
    "color": "blue",
    "material": "cotton",
    "fit": "regular",
    "occasion": "party",
    "sleeves": "full",
    "brand": "yepme",
    "gender": "male",
    "delivery": "3",
    "tags": "shirt , party wear",
    "stock": "80"
  },
  {
    "image": "http://res.cloudinary.com/ducgyycpy/image/upload/v1677400776/mens/cxtjujyrmoolbtjsedzf.jpg,http://res.cloudinary.com/ducgyycpy/image/upload/v1677400776/mens/d1w9uajorhuslizeqno8.jpg,http://res.cloudinary.com/ducgyycpy/image/upload/v1677400776/mens/dffo9j02zbbojrz9dnx3.jpg,http://res.cloudinary.com/ducgyycpy/image/upload/v1677400776/mens/dvabvncwmnimblrzmn6i.jpg",
    "title": "blue shirt",
    "description": "best of the colour i.e blue for Male",
    "price": "1700",
    "originalPrice": "1750",
    "sizes": "36,38,40",
    "category": "shirt",
    "style": "solid",
    "color": "blue",
    "material": "cotton",
    "fit": "regular",
    "occasion": "party",
    "sleeves": "full",
    "brand": "mufti",
    "gender": "male",
    "delivery": "2",
    "tags": "shirt , party wear",
    "stock": "150"
  },
  {
    "image": "http://res.cloudinary.com/ducgyycpy/image/upload/v1677400776/mens/e8yzujuyrvqa1nwaneks.jpg,http://res.cloudinary.com/ducgyycpy/image/upload/v1677400777/mens/erv0h0tqiz7mbxlgjqwg.jpg,http://res.cloudinary.com/ducgyycpy/image/upload/v1677400776/mens/ewqswfi5dppuoplxm0r1.jpg,http://res.cloudinary.com/ducgyycpy/image/upload/v1677400776/mens/f027exak70qzkniosqok.jpg",
    "title": "white navy shirt",
    "description": "best of the colour i.e white-navy for Male",
    "price": "1800",
    "originalPrice": "2000",
    "sizes": "36,38,40",
    "category": "shirt",
    "style": "solid",
    "color": "blue",
    "material": "cotton",
    "fit": "regular",
    "occasion": "casual",
    "sleeves": "full",
    "brand": "mufti",
    "gender": "male",
    "delivery": "2",
    "tags": "shirt , party wear",
    "stock": "20"
  },
  {
    "image": "http://res.cloudinary.com/ducgyycpy/image/upload/v1677400776/mens/ffxlkpjexzmlkcugdskt.jpg,http://res.cloudinary.com/ducgyycpy/image/upload/v1677400776/mens/ftrqrvlgpiuej6pw6v4e.jpg,http://res.cloudinary.com/ducgyycpy/image/upload/v1677400776/mens/fyzhbftc4bncuqii226h.jpg,http://res.cloudinary.com/ducgyycpy/image/upload/v1677400776/mens/gbo7xlqdmvcpgj24fwfq.jpg",
    "title": "white purple shirt",
    "description": "best of the colour i.e purple for Male",
    "price": "1400",
    "originalPrice": "1500",
    "sizes": "36,38,40, 44",
    "category": "shirt",
    "style": "solid",
    "color": "purple",
    "material": "polyester",
    "fit": "regular",
    "occasion": "party",
    "sleeves": "full",
    "brand": "mufti",
    "gender": "male",
    "delivery": "2",
    "tags": "shirt , party wear",
    "stock": "100"
  },
  {
    "image": "http://res.cloudinary.com/ducgyycpy/image/upload/v1677400776/mens/gcee0utkfmunwue0vrsm.jpg,http://res.cloudinary.com/ducgyycpy/image/upload/v1677400776/mens/gtxzczgkmqtjf1wv05ew.jpg,http://res.cloudinary.com/ducgyycpy/image/upload/v1677400776/mens/in1rtzr2agoec5elvuoj.jpg,http://res.cloudinary.com/ducgyycpy/image/upload/v1677400776/mens/jcjqnyjhvpvw1p9vc1e6.jpg",
    "title": "white blue shirt",
    "description": "best of the colour i.e blue for Male",
    "price": "500",
    "originalPrice": "600",
    "sizes": "36,38,40 ,44",
    "category": "shirt",
    "style": "solid",
    "color": "blue",
    "material": "polyester",
    "fit": "regular",
    "occasion": "casual",
    "sleeves": "full",
    "brand": "mufti",
    "gender": "male",
    "delivery": "2",
    "tags": "shirt , casual wear",
    "stock": "100"
  },
  {
    "image": "http://res.cloudinary.com/ducgyycpy/image/upload/v1677400776/mens/jrw8g8hw11fiktlrwrzb.jpg,http://res.cloudinary.com/ducgyycpy/image/upload/v1677400776/mens/kskbjmtogr1vafdt7drk.jpg,http://res.cloudinary.com/ducgyycpy/image/upload/v1677400776/mens/kts4n564jntepmnepnxl.jpg,http://res.cloudinary.com/ducgyycpy/image/upload/v1677400776/mens/kvu0o1mokseyala75oc6.jpg",
    "title": "white  shirt",
    "description": "best of the colour i.e white for Male",
    "price": "400",
    "originalPrice": "400",
    "sizes": "36,38,40 ,44",
    "category": "shirt",
    "style": "solid",
    "color": "white",
    "material": "polyester",
    "fit": "regular",
    "occasion": "casual",
    "sleeves": "full",
    "brand": "van-heusen",
    "gender": "male",
    "delivery": "2",
    "tags": "shirt , casual wear",
    "stock": "10"
  },
  {
    "image": "http://res.cloudinary.com/ducgyycpy/image/upload/v1677400776/mens/l6h4gdugdyym3j7ubsvh.jpg,http://res.cloudinary.com/ducgyycpy/image/upload/v1677400776/mens/limq8wsjsytjbselw0qu.jpg,http://res.cloudinary.com/ducgyycpy/image/upload/v1677400776/mens/llr9dtliqkzz29jronst.jpg,http://res.cloudinary.com/ducgyycpy/image/upload/v1677400776/mens/lucqauawtpo0xcfpxszd.jpg",
    "title": "yellow shirt",
    "description": "best of the colour i.e yellow for Male",
    "price": "400",
    "originalPrice": "500",
    "sizes": "36,38,40 ,44",
    "category": "shirt",
    "style": "solid",
    "color": "yellow",
    "material": "polyester",
    "fit": "regular",
    "occasion": "casual",
    "sleeves": "half",
    "brand": "mufti",
    "gender": "male",
    "delivery": "2",
    "tags": "shirt , casual wear",
    "stock": "10"
  },
  {
    "image": "http://res.cloudinary.com/ducgyycpy/image/upload/v1677400776/mens/lwivldakas7axttphozs.jpg,http://res.cloudinary.com/ducgyycpy/image/upload/v1677400776/mens/m9cgylkydvomfrh6rseo.jpg,http://res.cloudinary.com/ducgyycpy/image/upload/v1677400776/mens/mbszlzikswhzwdtl4fhh.jpg,http://res.cloudinary.com/ducgyycpy/image/upload/v1677400776/mens/moa9mnqbljjcixbfagjg.jpg",
    "title": "red shirt",
    "description": "best of the colour i.e red for Male",
    "price": "450",
    "originalPrice": "550",
    "sizes": "36,38,40 ,44",
    "category": "shirt",
    "style": "solid",
    "color": "red",
    "material": "polyester",
    "fit": "regular",
    "occasion": "casual",
    "sleeves": "half",
    "brand": "levis",
    "gender": "male",
    "delivery": "2",
    "tags": "shirt , casual wear",
    "stock": "10"
  },
  {
    "image": "http://res.cloudinary.com/ducgyycpy/image/upload/v1677400776/mens/mstxhexbweuxxnfqjcfh.jpg,http://res.cloudinary.com/ducgyycpy/image/upload/v1677400776/mens/mwcaxanwrzkou54kazwr.jpg,http://res.cloudinary.com/ducgyycpy/image/upload/v1677400776/mens/n0eeo9mkar0e3ov4mpuj.jpg,http://res.cloudinary.com/ducgyycpy/image/upload/v1677400776/mens/n2lxtpckfiysaqpube0x.jpg",
    "title": "white shirt",
    "description": "best of the colour i.e white for Male",
    "price": "450",
    "originalPrice": "550",
    "sizes": "36,38,40 ,44",
    "category": "shirt",
    "style": "solid",
    "color": "white",
    "material": "polyester",
    "fit": "regular",
    "occasion": "formal",
    "sleeves": "full",
    "brand": "mufti",
    "gender": "male",
    "delivery": "2",
    "tags": "shirt , formal wear",
    "stock": "70"
  },
  {
    "image": "http://res.cloudinary.com/ducgyycpy/image/upload/v1677400776/mens/nfvak7br90uiyrggso0d.jpg,http://res.cloudinary.com/ducgyycpy/image/upload/v1677400776/mens/nsrrmfnjohxsq5i7jruu.jpg,http://res.cloudinary.com/ducgyycpy/image/upload/v1677400776/mens/ocnupbyyikseqjl1vdxh.jpg,http://res.cloudinary.com/ducgyycpy/image/upload/v1677400776/mens/pii4cionhwldnkejvj5x.jpg",
    "title": "black shirt",
    "description": "best of the colour i.e black for Male",
    "price": "2550",
    "originalPrice": "2750",
    "sizes": "36,38,40 ,44",
    "category": "shirt",
    "style": "solid",
    "color": "black",
    "material": "polyester",
    "fit": "regular",
    "occasion": "party",
    "sleeves": "full",
    "brand": "yepme",
    "gender": "male",
    "delivery": "2",
    "tags": "shirt , party wear",
    "stock": "70"
  },
  {
    "image": "http://res.cloudinary.com/ducgyycpy/image/upload/v1677400776/mens/qgbcfv9svml4rqmfbsfr.jpg,http://res.cloudinary.com/ducgyycpy/image/upload/v1677400776/mens/qp7pf5emm8fxk1za6z7u.jpg,http://res.cloudinary.com/ducgyycpy/image/upload/v1677400776/mens/rdhc572zsmhxw05dl14n.jpg,http://res.cloudinary.com/ducgyycpy/image/upload/v1677400776/mens/rinpbksdvzbtntbokocj.jpg",
    "title": "black shirt",
    "description": "best of the colour i.e black for Male",
    "price": "2550",
    "originalPrice": "2550",
    "sizes": "40 ,44",
    "category": "shirt",
    "style": "solid",
    "color": "black",
    "material": "polyester",
    "fit": "regular",
    "occasion": "party",
    "sleeves": "full",
    "brand": "yepme",
    "gender": "male",
    "delivery": "2",
    "tags": "shirt , party wear",
    "stock": "70"
  },
  {
    "image": "http://res.cloudinary.com/ducgyycpy/image/upload/v1677400776/mens/ssx5x8np46p8bg204gcv.jpg,http://res.cloudinary.com/ducgyycpy/image/upload/v1677400776/mens/t0aie8coryjzy6rdy8wp.jpg,http://res.cloudinary.com/ducgyycpy/image/upload/v1677400776/mens/t5qqpu8ppydtberns4zi.jpg,http://res.cloudinary.com/ducgyycpy/image/upload/v1677400776/mens/tel1yyzijlpunsko9ast.jpg",
    "title": "blue shirt",
    "description": "best of the colour i.e blue for Male",
    "price": "2700",
    "originalPrice": "2750",
    "sizes": "40 ,44",
    "category": "shirt",
    "style": "solid",
    "color": "blue",
    "material": "polyester",
    "fit": "regular",
    "occasion": "party",
    "sleeves": "full",
    "brand": "van-heusen",
    "gender": "male",
    "delivery": "2",
    "tags": "shirt , party wear",
    "stock": "70"
  },
  {
    "image": "http://res.cloudinary.com/ducgyycpy/image/upload/v1677400776/mens/tgtgia67lphbzkp8bjw9.jpg,http://res.cloudinary.com/ducgyycpy/image/upload/v1677400776/mens/thaqmyu69bkidofegs0g.jpg,http://res.cloudinary.com/ducgyycpy/image/upload/v1677400776/mens/tjabp3s6cm5swtqys2nh.jpg,http://res.cloudinary.com/ducgyycpy/image/upload/v1677400776/mens/tqnpyzuac4odvov5bhxb.jpg",
    "title": "white shirt",
    "description": "best of the colour i.e white for Male",
    "price": "1660",
    "originalPrice": "1950",
    "sizes": "38,40 ,44 ",
    "category": "shirt",
    "style": "solid",
    "color": "white",
    "material": "cotton",
    "fit": "regular",
    "occasion": "formal",
    "sleeves": "full",
    "brand": "levis",
    "gender": "male",
    "delivery": "2",
    "tags": "shirt , formal wear",
    "stock": "50"
  },
  {
    "image": "http://res.cloudinary.com/ducgyycpy/image/upload/v1677400776/mens/uexvuhgpl6s56w7iau8a.jpg,http://res.cloudinary.com/ducgyycpy/image/upload/v1677400776/mens/ufq0aaciqb5saw4rzftv.jpg,http://res.cloudinary.com/ducgyycpy/image/upload/v1677400776/mens/uyhsn4gkscayo6hqrvjc.jpg,http://res.cloudinary.com/ducgyycpy/image/upload/v1677400776/mens/vabohnesxnczp2bhxpxe.jpg",
    "title": "red shirt",
    "description": "best of the colour i.e red for Male",
    "price": "1600",
    "originalPrice": "1950",
    "sizes": "38,40, 42 ,44 ",
    "category": "shirt",
    "style": "solid",
    "color": "red",
    "material": "cotton",
    "fit": "regular",
    "occasion": "casual",
    "sleeves": "full",
    "brand": "van-heusen",
    "gender": "male",
    "delivery": "2",
    "tags": "shirt , casual wear",
    "stock": "50"
  },
  {
    "image": "http://res.cloudinary.com/ducgyycpy/image/upload/v1677400776/mens/vwwfocc0ej1mqgicqmqf.jpg,http://res.cloudinary.com/ducgyycpy/image/upload/v1677400776/mens/vz0h1d6mxu8yr6ioof0j.jpg,http://res.cloudinary.com/ducgyycpy/image/upload/v1677400776/mens/waifym8j490gzzgfvkru.jpg,http://res.cloudinary.com/ducgyycpy/image/upload/v1677400776/mens/wf16reh8rkrwcqyqxaxu.jpg",
    "title": "white shirt",
    "description": "best of the colour i.e white for Male",
    "price": "1800",
    "originalPrice": "1950",
    "sizes": "38,40, 42 ,44 ",
    "category": "shirt",
    "style": "solid",
    "color": "white",
    "material": "polyester",
    "fit": "regular",
    "occasion": "party",
    "sleeves": "full",
    "brand": "van-heusen",
    "gender": "male",
    "delivery": "2",
    "tags": "shirt , party wear",
    "stock": "50"
  },
  {
    "image": "http://res.cloudinary.com/ducgyycpy/image/upload/v1677400776/mens/wkfavrbg2w1twhgquirw.jpg,http://res.cloudinary.com/ducgyycpy/image/upload/v1677400776/mens/wnu5idv4tvyk7ycsclyh.jpg,http://res.cloudinary.com/ducgyycpy/image/upload/v1677400776/mens/wsbjkrh3kphhkub6pnyr.jpg,http://res.cloudinary.com/ducgyycpy/image/upload/v1677400776/mens/xjcsbkj4z8zp2yqn4jlq.jpg",
    "title": "yellow shirt",
    "description": "best of the colour i.e yellow for Male",
    "price": "2100",
    "originalPrice": "2250",
    "sizes": "38,40, 44 ",
    "category": "shirt",
    "style": "solid",
    "color": "yellow",
    "material": "polyester",
    "fit": "regular",
    "occasion": "cotton",
    "sleeves": "full",
    "brand": "yepme",
    "gender": "male",
    "delivery": "2",
    "tags": "shirt , party wear",
    "stock": "50"
  },
  {
    "image": "http://res.cloudinary.com/ducgyycpy/image/upload/v1677400776/mens/xydpw87xuh1abk5fj5qn.jpg,http://res.cloudinary.com/ducgyycpy/image/upload/v1677400776/mens/yf0pah4vvz8oiraybxuh.jpg,http://res.cloudinary.com/ducgyycpy/image/upload/v1677400776/mens/zurub8s82qifdfp5w7bp.jpg,http://res.cloudinary.com/ducgyycpy/image/upload/v1677400776/mens/zyslfkljhwqro0lktzst.jpg",
    "title": "blue shirt",
    "description": "best of the colour i.e blue for Male",
    "price": "2200",
    "originalPrice": "2450",
    "sizes": "38,40, 42 ,44 ",
    "category": "shirt",
    "style": "solid",
    "color": "blue",
    "material": "cotton",
    "fit": "regular",
    "occasion": "casual",
    "sleeves": "full",
    "brand": "levis",
    "gender": "male",
    "delivery": "2",
    "tags": "shirt , casual wear",
    "stock": "50"
  },
  {
    "image": "http://res.cloudinary.com/ducgyycpy/image/upload/v1677401006/kurtis/aqvhatsogy3tp5h5zz5b.jpg,http://res.cloudinary.com/ducgyycpy/image/upload/v1677401006/kurtis/b0pqqiixmqijfgcdzoxd.jpg,http://res.cloudinary.com/ducgyycpy/image/upload/v1677401006/kurtis/b3zjasmxsffjeye0f7a0.jpg,http://res.cloudinary.com/ducgyycpy/image/upload/v1677401006/kurtis/bglngfdx27bg4eykwr2c.jpg",
    "title": "purple Kurtis",
    "description": "best of the colour i.e purple for girls",
    "price": "1600",
    "originalPrice": "1699",
    "sizes": "   M , L , XL",
    "category": "Kurtis",
    "style": "solid",
    "color": "purple",
    "material": "naylon",
    "fit": "regular",
    "occasion": "party",
    "sleeves": "sleeveless",
    "brand": "zara",
    "gender": "female",
    "delivery": "2",
    "tags": "Kurtis, party",
    "stock": "90"
  },
  {
    "image": "http://res.cloudinary.com/ducgyycpy/image/upload/v1677401006/kurtis/bwg7qeb7hzyfc3at7zgb.jpg,http://res.cloudinary.com/ducgyycpy/image/upload/v1677401006/kurtis/c9s5yjuldbgdkyru33sm.jpg,http://res.cloudinary.com/ducgyycpy/image/upload/v1677401006/kurtis/dxhbnejjfjxhfyzamfzp.jpg,http://res.cloudinary.com/ducgyycpy/image/upload/v1677401006/kurtis/e1k4utjw6yrbehcow1yn.jpg",
    "title": "white Kurtis",
    "description": "best of the colour i.e white for girls",
    "price": "1500",
    "originalPrice": "1599",
    "sizes": "  S , M , L , XL",
    "category": "Kurtis",
    "style": "solid",
    "color": "white",
    "material": "rayon",
    "fit": "regular",
    "occasion": "party",
    "sleeves": "sleeveless",
    "brand": "zara",
    "gender": "female",
    "delivery": "2",
    "tags": "Kurtis, party",
    "stock": "40"
  },
  {
    "image": "http://res.cloudinary.com/ducgyycpy/image/upload/v1677401006/kurtis/egbmdbhblyedf7mfienk.jpg,http://res.cloudinary.com/ducgyycpy/image/upload/v1677401006/kurtis/ew6wo2jqqz8acvqgg85t.jpg,http://res.cloudinary.com/ducgyycpy/image/upload/v1677401006/kurtis/ew9rekhqyxao8tagersi.jpg,http://res.cloudinary.com/ducgyycpy/image/upload/v1677401006/kurtis/fsrkdtr6c7n94bmf3qtu.jpg",
    "title": "black Kurtis",
    "description": "best of the colour i.e black for girls",
    "price": "1400",
    "originalPrice": "1599",
    "sizes": "  S , M , L ",
    "category": "Kurtis",
    "style": "solid",
    "color": "black",
    "material": "rayon",
    "fit": "regular",
    "occasion": "party",
    "sleeves": "sleeveless",
    "brand": "zara",
    "gender": "female",
    "delivery": "2",
    "tags": "Kurtis, party",
    "stock": "400"
  },
  {
    "image": "http://res.cloudinary.com/ducgyycpy/image/upload/v1677401006/kurtis/g94lgh52scx75i8ew483.jpg,http://res.cloudinary.com/ducgyycpy/image/upload/v1677401006/kurtis/got1hngubzroslcgielt.jpg,http://res.cloudinary.com/ducgyycpy/image/upload/v1677401006/kurtis/gtuhqjas2qnnfupyvooo.jpg,http://res.cloudinary.com/ducgyycpy/image/upload/v1677401006/kurtis/h9gklldgqwzd0tdl2jdl.jpg",
    "title": "blue Kurtis",
    "description": "best of the colour i.e Blue for girls",
    "price": "1300",
    "originalPrice": "1499",
    "sizes": "   M , L , XL",
    "category": "Kurtis",
    "style": "solid",
    "color": "blue",
    "material": "polyester",
    "fit": "regular",
    "occasion": "casual",
    "sleeves": "sleeveless",
    "brand": "zara",
    "gender": "female",
    "delivery": "2",
    "tags": "Kurtis, casual",
    "stock": "120"
  },
  {
    "image": "http://res.cloudinary.com/ducgyycpy/image/upload/v1677401006/kurtis/hkazpgruadh5zprre3hv.jpg,http://res.cloudinary.com/ducgyycpy/image/upload/v1677401006/kurtis/ihjrwhhpe490a0sef5ay.jpg,http://res.cloudinary.com/ducgyycpy/image/upload/v1677401006/kurtis/illdgf9atoseth1xddrk.jpg,http://res.cloudinary.com/ducgyycpy/image/upload/v1677401006/kurtis/j32unr3qcyrgk9aswjgv.jpg",
    "title": "white Kurtis",
    "description": "best of the colour i.e white for girls",
    "price": "1600",
    "originalPrice": "1899",
    "sizes": "  S , M , L , XL",
    "category": "Kurtis",
    "style": "solid",
    "color": "white",
    "material": "cotton",
    "fit": "regular",
    "occasion": "party",
    "sleeves": "sleeveless",
    "brand": "levis",
    "gender": "female",
    "delivery": "2",
    "tags": "Kurtis, party",
    "stock": "10"
  },
  {
    "image": "http://res.cloudinary.com/ducgyycpy/image/upload/v1677401006/kurtis/j6rkyw7wae19r9smv67n.jpg,http://res.cloudinary.com/ducgyycpy/image/upload/v1677401006/kurtis/kmaygaltx96rar5qlepp.jpg,http://res.cloudinary.com/ducgyycpy/image/upload/v1677401006/kurtis/kmqe0w9sr0zdmzmfyaie.jpg,http://res.cloudinary.com/ducgyycpy/image/upload/v1677401006/kurtis/lsritxsk63fvhgkxqj4v.jpg",
    "title": "black Kurtis",
    "description": "best of the colour i.e black for girls",
    "price": "900",
    "originalPrice": "1199",
    "sizes": "  S , M , L ",
    "category": "Kurtis",
    "style": "solid",
    "color": "black",
    "material": "naylon",
    "fit": "regular",
    "occasion": "casual",
    "sleeves": "sleeveless",
    "brand": "mufti",
    "gender": "female",
    "delivery": "2",
    "tags": "Kurtis, casual",
    "stock": "190"
  },
  {
    "image": "http://res.cloudinary.com/ducgyycpy/image/upload/v1677401006/kurtis/m6zbfvojmmbmdbqqeur2.jpg,http://res.cloudinary.com/ducgyycpy/image/upload/v1677401006/kurtis/mivfi4110p2uvqicnweb.jpg,http://res.cloudinary.com/ducgyycpy/image/upload/v1677401006/kurtis/mrnkjp7wsqelxcpqvz3g.jpg,http://res.cloudinary.com/ducgyycpy/image/upload/v1677401006/kurtis/nvljuxsloa6xbnfsfwek.jpg",
    "title": "red Kurtis",
    "description": "best of the colour i.e red for girls",
    "price": "1600",
    "originalPrice": "1699",
    "sizes": "   M , L , XL",
    "category": "Kurtis",
    "style": "solid",
    "color": "red",
    "material": "naylon",
    "fit": "regular",
    "occasion": "party",
    "sleeves": "sleeveless",
    "brand": "zara",
    "gender": "female",
    "delivery": "2",
    "tags": "Kurtis, party",
    "stock": "90"
  },
  {
    "image": "http://res.cloudinary.com/ducgyycpy/image/upload/v1677401006/kurtis/o2btn6cvxvhyrt8ahniu.jpg,http://res.cloudinary.com/ducgyycpy/image/upload/v1677401006/kurtis/on6mvijxqol4jcovwrn4.jpg,http://res.cloudinary.com/ducgyycpy/image/upload/v1677401006/kurtis/oobmcgobgwqayjkyeikp.jpg,http://res.cloudinary.com/ducgyycpy/image/upload/v1677401006/kurtis/p41dnjisvlnfmaucbvix.jpg",
    "title": "orange Kurtis",
    "description": "best of the colour i.e orange for girls",
    "price": "700",
    "originalPrice": "999",
    "sizes": "  S , M , L , XL",
    "category": "Kurtis",
    "style": "solid",
    "color": "orange",
    "material": "rayon",
    "fit": "regular",
    "occasion": "casual",
    "sleeves": "sleeveless",
    "brand": "zara",
    "gender": "female",
    "delivery": "2",
    "tags": "Kurtis, casual",
    "stock": "40"
  },
  {
    "image": "http://res.cloudinary.com/ducgyycpy/image/upload/v1677401006/kurtis/r0gulv8eaegr5xyjv5uy.jpg,http://res.cloudinary.com/ducgyycpy/image/upload/v1677401006/kurtis/ryyhccyybonfzi07nwap.jpg,http://res.cloudinary.com/ducgyycpy/image/upload/v1677401006/kurtis/s0wk300gqr61j6449rdz.jpg,http://res.cloudinary.com/ducgyycpy/image/upload/v1677401006/kurtis/stleur17awnjaxbxqiac.jpg",
    "title": "blue Kurtis",
    "description": "best of the colour i.e blue for girls",
    "price": "1400",
    "originalPrice": "1599",
    "sizes": "  S , M , L ",
    "category": "Kurtis",
    "style": "solid",
    "color": "blue",
    "material": "rayon",
    "fit": "regular",
    "occasion": "party",
    "sleeves": "sleeveless",
    "brand": "zara",
    "gender": "female",
    "delivery": "2",
    "tags": "Kurtis, party",
    "stock": "400"
  },
  {
    "image": "http://res.cloudinary.com/ducgyycpy/image/upload/v1677401006/kurtis/u51rh7zzwtngjyi27e4q.jpg,http://res.cloudinary.com/ducgyycpy/image/upload/v1677401006/kurtis/ubmsieyvxtsdgjx6tgww.jpg,http://res.cloudinary.com/ducgyycpy/image/upload/v1677401006/kurtis/uiqlyaduqmcbqkjsyhmt.jpg,http://res.cloudinary.com/ducgyycpy/image/upload/v1677401006/kurtis/wfyblkkne4t0ko3mnjwv.jpg",
    "title": "purple Kurtis",
    "description": "best of the colour i.e purple for girls",
    "price": "1300",
    "originalPrice": "1499",
    "sizes": "   M , L , XL",
    "category": "Kurtis",
    "style": "solid",
    "color": "purple",
    "material": "polyester",
    "fit": "regular",
    "occasion": "casual",
    "sleeves": "sleeveless",
    "brand": "zara",
    "gender": "female",
    "delivery": "2",
    "tags": "Kurtis, casual",
    "stock": "120"
  },
  {
    "image": "http://res.cloudinary.com/ducgyycpy/image/upload/v1677401006/kurtis/wlgssu1mkhruop3ex2f9.jpg,http://res.cloudinary.com/ducgyycpy/image/upload/v1677401006/kurtis/wpstuinzbx9hellpi94t.jpg,http://res.cloudinary.com/ducgyycpy/image/upload/v1677401006/kurtis/xh7u85xlixf01oo9tgpd.jpg,http://res.cloudinary.com/ducgyycpy/image/upload/v1677401006/kurtis/xqebrpfc5vg3akur9czc.jpg",
    "title": "black Kurtis",
    "description": "best of the colour i.e black for girls",
    "price": "1600",
    "originalPrice": "1899",
    "sizes": "  S , M , L , XL",
    "category": "Kurtis",
    "style": "solid",
    "color": "black",
    "material": "cotton",
    "fit": "regular",
    "occasion": "party",
    "sleeves": "sleeveless",
    "brand": "levis",
    "gender": "female",
    "delivery": "2",
    "tags": "Kurtis, party",
    "stock": "10"
  },
  {
    "image": "http://res.cloudinary.com/ducgyycpy/image/upload/v1677401006/kurtis/y0iv4mgnu6zbedwuc1ae.jpg,http://res.cloudinary.com/ducgyycpy/image/upload/v1677401006/kurtis/ycgnphesssxah10gsfca.jpg,http://res.cloudinary.com/ducgyycpy/image/upload/v1677401006/kurtis/yngn2ivhn7wxwbx4ix7j.jpg,http://res.cloudinary.com/ducgyycpy/image/upload/v1677401006/kurtis/z5rww0c1tquqolfx7rwc.jpg",
    "title": "blue Kurtis",
    "description": "best of the colour i.e blue for girls",
    "price": "900",
    "originalPrice": "1199",
    "sizes": "  S , M , L ",
    "category": "Kurtis",
    "style": "solid",
    "color": "blue",
    "material": "naylon",
    "fit": "regular",
    "occasion": "casual",
    "sleeves": "sleeveless",
    "brand": "mufti",
    "gender": "female",
    "delivery": "2",
    "tags": "Kurtis, casual",
    "stock": "190"
  },
  {
    "image": "https://res.cloudinary.com/ducgyycpy/image/upload/v1677401090/party/bna8ol2r7xr2lxvpnv0v.jpg , https://res.cloudinary.com/ducgyycpy/image/upload/v1677401090/party/wwx0tdsyvghangijbv9l.jpg , https://res.cloudinary.com/ducgyycpy/image/upload/v1677401090/party/bna8ol2r7xr2lxvpnv0v.jpg , https://res.cloudinary.com/ducgyycpy/image/upload/v1677401090/party/se7erz8jq8k5dtymwpeb.jpg",
    "title": "brown trouser",
    "description": "best of the colour i.e brown for Male",
    "price": "2790",
    "originalPrice": "2849",
    "sizes": "38 , 42",
    "category": "party-wear",
    "style": "solid",
    "color": "brown",
    "material": "cotton",
    "fit": "regular",
    "occasion": "party",
    "sleeves": "full",
    "brand": "levis",
    "gender": "male",
    "delivery": "2",
    "tags": "trouser, party",
    "stock": "90"
  },
  {
    "image": "https://res.cloudinary.com/ducgyycpy/image/upload/v1677401090/party/ymfncboj7qqocjvqblai.jpg , https://res.cloudinary.com/ducgyycpy/image/upload/v1677401090/party/muji5jr64e9sjgucqqhn.jpg , https://res.cloudinary.com/ducgyycpy/image/upload/v1677401090/party/h2dg0sn0b7zu1gry2fpi.jpg , https://res.cloudinary.com/ducgyycpy/image/upload/v1677401090/party/a6emkvjhufb3wwjrzthu.jpg ",
    "title": "black trouser",
    "description": "best of the colour i.e black for Male",
    "price": "2800",
    "originalPrice": "2849",
    "sizes": "38 , 42",
    "category": "party-wear",
    "style": "solid",
    "color": "black",
    "material": "cotton",
    "fit": "regular",
    "occasion": "casual",
    "sleeves": "full",
    "brand": "yepme",
    "gender": "male",
    "delivery": "2",
    "tags": "trouser, casual",
    "stock": "90"
  },
  {
    "image": "https://res.cloudinary.com/ducgyycpy/image/upload/v1677401090/party/dgpbclnj7xsu6hw4yi2n.jpg , https://res.cloudinary.com/ducgyycpy/image/upload/v1677401090/party/qqkjgpiviydrvtf1uldh.jpg , https://res.cloudinary.com/ducgyycpy/image/upload/v1677401090/party/crmwdixpqnhqntadl81t.jpg , https://res.cloudinary.com/ducgyycpy/image/upload/v1677401090/party/qrrpdgchmjhu4zdpmd8p.jpg ",
    "title": "black blazer",
    "description": "best of the colour i.e black for Male",
    "price": "2500",
    "originalPrice": "2999",
    "sizes": "38 , 42",
    "category": "party-wear",
    "style": "solid",
    "color": "black",
    "material": "cotton",
    "fit": "regular",
    "occasion": "party",
    "sleeves": "full",
    "brand": "yepme",
    "gender": "male",
    "delivery": "2",
    "tags": "blazer, party",
    "stock": "90"
  },
  {
    "image": "https://res.cloudinary.com/ducgyycpy/image/upload/v1677401090/party/mkubf4ke5ael6fscyqyt.jpg , https://res.cloudinary.com/ducgyycpy/image/upload/v1677401090/party/v10x564sid3ibfqjvrtn.jpg , https://res.cloudinary.com/ducgyycpy/image/upload/v1677401090/party/jfogzs9nrcmcrvreodhz.jpg , https://res.cloudinary.com/ducgyycpy/image/upload/v1677401090/party/bhq3rdewo6lmkk1khrbd.jpg",
    "title": "black jacket",
    "description": "best of the colour i.e black for Male",
    "price": "2900",
    "originalPrice": "2999",
    "sizes": "38 , 42",
    "category": "party-wear",
    "style": "solid",
    "color": "black",
    "material": "cotton",
    "fit": "regular",
    "occasion": "party",
    "sleeves": "full",
    "brand": "yepme",
    "gender": "male",
    "delivery": "2",
    "tags": "jacket, party",
    "stock": "90"
  },
  {
    "image": "https://res.cloudinary.com/ducgyycpy/image/upload/v1677401090/party/b7aozrlhopy8l2sy6onp.jpg , https://res.cloudinary.com/ducgyycpy/image/upload/v1677401090/party/s5ew9ann40blycc3gcgy.jpg ,https://res.cloudinary.com/ducgyycpy/image/upload/v1677401090/party/hahjbqsybajblirelerz.jpg ,https://res.cloudinary.com/ducgyycpy/image/upload/v1677401090/party/ybkvunqi0qkjhrbixhsq.jpg",
    "title": "grey shirt",
    "description": "best of the colour i.e grey for Male",
    "price": "800",
    "originalPrice": "849",
    "sizes": "38 , 42",
    "category": "party-wear",
    "style": "solid",
    "color": "grey",
    "material": "cotton",
    "fit": "regular",
    "occasion": "casual",
    "sleeves": "full",
    "brand": "yepme",
    "gender": "male",
    "delivery": "2",
    "tags": "shirt, casual",
    "stock": "90"
  },
  {
    "image": "https://res.cloudinary.com/ducgyycpy/image/upload/v1677401089/party/v6th1aclgruk1g6afxxw.jpg , https://res.cloudinary.com/ducgyycpy/image/upload/v1677401089/party/ajkpli99k30butufktpp.jpg , https://res.cloudinary.com/ducgyycpy/image/upload/v1677401089/party/af7qzx4antp7buvykfmu.jpg , https://res.cloudinary.com/ducgyycpy/image/upload/v1677401089/party/earxlgkmkwyacl8i5zzv.jpg",
    "title": "green shirt",
    "description": "best of the colour i.e green for Male",
    "price": "800",
    "originalPrice": "849",
    "sizes": "38 , 42",
    "category": "party-wear",
    "style": "solid",
    "color": "green",
    "material": "cotton",
    "fit": "regular",
    "occasion": "casual",
    "sleeves": "full",
    "brand": "yepme",
    "gender": "male",
    "delivery": "2",
    "tags": "shirt, casual",
    "stock": "90"
  },
  {
    "image": "https://res.cloudinary.com/ducgyycpy/image/upload/v1677401089/party/arimyvmsxzlagh7vpbxq.jpg , https://res.cloudinary.com/ducgyycpy/image/upload/v1677401089/party/ygaqk1jlobnpvlnc2cih.jpg , https://res.cloudinary.com/ducgyycpy/image/upload/v1677401089/party/fc3vnaulqhbwlryj52qo.jpg , https://res.cloudinary.com/ducgyycpy/image/upload/v1677401089/party/cixgulhygnejsqr97prm.jpg ",
    "title": "blue shirt",
    "description": "best of the colour i.e blue for Male",
    "price": "1850",
    "originalPrice": "1900",
    "sizes": "36,38,40,42,44",
    "category": "party-wear",
    "style": "solid",
    "color": "blue",
    "material": "cotton",
    "fit": "regular",
    "occasion": "party",
    "sleeves": "full",
    "brand": "yepme",
    "gender": "male",
    "delivery": "3",
    "tags": "shirt , party wear",
    "stock": "80"
  },
  {
    "image": "https://res.cloudinary.com/ducgyycpy/image/upload/v1677401089/party/fhrcl5iohn7crx6xelx9.jpg , https://res.cloudinary.com/ducgyycpy/image/upload/v1677401089/party/d4potqwfvvnok3zobimz.jpg , https://res.cloudinary.com/ducgyycpy/image/upload/v1677401089/party/u7ibmvhlvpe6ecqp2gwf.jpg , https://res.cloudinary.com/ducgyycpy/image/upload/v1677401089/party/dtupaafy8telcbazxcuu.jpg",
    "title": "blue shirt",
    "description": "best of the colour i.e blue for Male",
    "price": "1700",
    "originalPrice": "1750",
    "sizes": "36,38,40",
    "category": "party-wear",
    "style": "solid",
    "color": "blue",
    "material": "cotton",
    "fit": "regular",
    "occasion": "party",
    "sleeves": "full",
    "brand": "mufti",
    "gender": "male",
    "delivery": "2",
    "tags": "shirt , party wear",
    "stock": "150"
  },
  {
    "image": "https://res.cloudinary.com/ducgyycpy/image/upload/v1677401089/party/gtwumawhll5d0uqdl1gw.jpg ,https://res.cloudinary.com/ducgyycpy/image/upload/v1677401089/party/fnpvwwrdukv7qlbrnhmo.jpg ,https://res.cloudinary.com/ducgyycpy/image/upload/v1677401089/party/fvreobfdr5rraku9qh8y.jpg",
    "title": "white navy shirt",
    "description": "best of the colour i.e white-navy for Male",
    "price": "1800",
    "originalPrice": "2000",
    "sizes": "36,38,40",
    "category": "party-wear",
    "style": "solid",
    "color": "blue",
    "material": "cotton",
    "fit": "regular",
    "occasion": "casual",
    "sleeves": "full",
    "brand": "mufti",
    "gender": "male",
    "delivery": "2",
    "tags": "shirt , party wear",
    "stock": "20"
  },
  {
    "image": "https://res.cloudinary.com/ducgyycpy/image/upload/v1677401089/party/umgkbbyzmjgmhutkkdeh.jpg , https://res.cloudinary.com/ducgyycpy/image/upload/v1677401089/party/dhgosittdvzjar4kk3sp.jpg , https://res.cloudinary.com/ducgyycpy/image/upload/v1677401089/party/jus3tdbj4zsxwq6kksie.jpg , https://res.cloudinary.com/ducgyycpy/image/upload/v1677401089/party/gndzhdmjepoqjz3ovcrg.jpg",
    "title": "white purple shirt",
    "description": "best of the colour i.e purple for Male",
    "price": "1400",
    "originalPrice": "1500",
    "sizes": "36,38,40, 44",
    "category": "party-wear",
    "style": "solid",
    "color": "purple",
    "material": "polyester",
    "fit": "regular",
    "occasion": "party",
    "sleeves": "full",
    "brand": "mufti",
    "gender": "male",
    "delivery": "2",
    "tags": "shirt , party wear",
    "stock": "100"
  },
  {
    "image": "https://res.cloudinary.com/ducgyycpy/image/upload/v1677401089/party/fbgjl4vnhaqeeks6co0o.jpg , https://res.cloudinary.com/ducgyycpy/image/upload/v1677401089/party/zf427verid0vrydiprlk.jpg , https://res.cloudinary.com/ducgyycpy/image/upload/v1677401089/party/l5pm6sbme6pozksdvf80.jpg , https://res.cloudinary.com/ducgyycpy/image/upload/v1677401089/party/l5pm6sbme6pozksdvf80.jpg",
    "title": "white blue shirt",
    "description": "best of the colour i.e blue for Male",
    "price": "500",
    "originalPrice": "600",
    "sizes": "36,38,40 ,44",
    "category": "party-wear",
    "style": "solid",
    "color": "blue",
    "material": "polyester",
    "fit": "regular",
    "occasion": "casual",
    "sleeves": "full",
    "brand": "mufti",
    "gender": "male",
    "delivery": "2",
    "tags": "shirt , casual wear",
    "stock": "100"
  },
  {
    "image": "https://res.cloudinary.com/ducgyycpy/image/upload/v1677401089/party/f6ijiike3qxkd11fklsa.jpg , https://res.cloudinary.com/ducgyycpy/image/upload/v1677401089/party/dmtt2gs5npadr1ilcodn.jpg , https://res.cloudinary.com/ducgyycpy/image/upload/v1677401089/party/l9ojjp4w7lcvmhrv3meo.jpg , https://res.cloudinary.com/ducgyycpy/image/upload/v1677401089/party/vwpr7snsxcv0jsdajzeq.jpg ",
    "title": "white  shirt",
    "description": "best of the colour i.e white for Male",
    "price": "400",
    "originalPrice": "400",
    "sizes": "36,38,40 ,44",
    "category": "party-wear",
    "style": "solid",
    "color": "white",
    "material": "polyester",
    "fit": "regular",
    "occasion": "casual",
    "sleeves": "full",
    "brand": "van-heusen",
    "gender": "male",
    "delivery": "2",
    "tags": "shirt , casual wear",
    "stock": "10"
  },
  {
    "image": "https://res.cloudinary.com/ducgyycpy/image/upload/v1677401089/party/kbl2c7eng3b5r7ur2wvj.jpg , https://res.cloudinary.com/ducgyycpy/image/upload/v1677401089/party/uneya5mna6dkj6l3fiag.jpg , https://res.cloudinary.com/ducgyycpy/image/upload/v1677401089/party/hbjl7zkf9gkll5mf5uqs.jpg ",
    "title": "yellow shirt",
    "description": "best of the colour i.e yellow for Male",
    "price": "400",
    "originalPrice": "500",
    "sizes": "36,38,40 ,44",
    "category": "party-wear",
    "style": "solid",
    "color": "yellow",
    "material": "polyester",
    "fit": "regular",
    "occasion": "casual",
    "sleeves": "half",
    "brand": "mufti",
    "gender": "male",
    "delivery": "2",
    "tags": "shirt , casual wear",
    "stock": "10"
  },
  {
    "image": "https://res.cloudinary.com/ducgyycpy/image/upload/v1677401089/party/ilv7au7x7dsi4qsvjllf.jpg , https://res.cloudinary.com/ducgyycpy/image/upload/v1677401089/party/wyzjc7vl8uryqjdgdzrf.jpg , https://res.cloudinary.com/ducgyycpy/image/upload/v1677401089/party/lsn4pbnredzi6hwm05nq.jpg , https://res.cloudinary.com/ducgyycpy/image/upload/v1677401089/party/ilv7au7x7dsi4qsvjllf.jpg ",
    "title": "red shirt",
    "description": "best of the colour i.e red for Male",
    "price": "450",
    "originalPrice": "550",
    "sizes": "36,38,40 ,44",
    "category": "party-wear",
    "style": "solid",
    "color": "red",
    "material": "polyester",
    "fit": "regular",
    "occasion": "casual",
    "sleeves": "half",
    "brand": "levis",
    "gender": "male",
    "delivery": "2",
    "tags": "shirt , casual wear",
    "stock": "10"
  },
  {
    "image": "https://res.cloudinary.com/ducgyycpy/image/upload/v1677401089/party/hb8430ciu2mgxdkr0gon.jpg , https://res.cloudinary.com/ducgyycpy/image/upload/v1677401089/party/jaqrdb8kltyyigtbcrlp.jpg , https://res.cloudinary.com/ducgyycpy/image/upload/v1677401089/party/a8yqtc2mb5x5agceuhlg.jpg , https://res.cloudinary.com/ducgyycpy/image/upload/v1677401089/party/gn02vj4vbevfxwtezukn.jpg ",
    "title": "white shirt",
    "description": "best of the colour i.e white for Male",
    "price": "450",
    "originalPrice": "550",
    "sizes": "36,38,40 ,44",
    "category": "party-wear",
    "style": "solid",
    "color": "white",
    "material": "polyester",
    "fit": "regular",
    "occasion": "formal",
    "sleeves": "full",
    "brand": "mufti",
    "gender": "male",
    "delivery": "2",
    "tags": "shirt , formal wear",
    "stock": "70"
  },
  {
    "image": "https://res.cloudinary.com/ducgyycpy/image/upload/v1677401089/party/icwailkd3fdtably5hs8.jpg ,https://res.cloudinary.com/ducgyycpy/image/upload/v1677401089/party/q2k9pcbqkynhxb12yamw.jpg , https://res.cloudinary.com/ducgyycpy/image/upload/v1677401089/party/hbwhpyomfjbuxwkxrt8t.jpg ,https://res.cloudinary.com/ducgyycpy/image/upload/v1677401089/party/q2k9pcbqkynhxb12yamw.jpg ",
    "title": "black shirt",
    "description": "best of the colour i.e black for Male",
    "price": "2550",
    "originalPrice": "2750",
    "sizes": "36,38,40 ,44",
    "category": "party-wear",
    "style": "solid",
    "color": "black",
    "material": "polyester",
    "fit": "regular",
    "occasion": "party",
    "sleeves": "full",
    "brand": "yepme",
    "gender": "male",
    "delivery": "2",
    "tags": "shirt , party wear",
    "stock": "70"
  },
  {
    "image": "https://res.cloudinary.com/ducgyycpy/image/upload/v1677401089/party/bvf9waesawfufsh5wax7.jpg , https://res.cloudinary.com/ducgyycpy/image/upload/v1677401089/party/hbwhpyomfjbuxwkxrt8t.jpg , https://res.cloudinary.com/ducgyycpy/image/upload/v1677401089/party/bz3dnhgw1vuy3efvctxx.jpg , https://res.cloudinary.com/ducgyycpy/image/upload/v1677401089/party/l5xgyerba92hkg5wgcqs.jpg ",
    "title": "black shirt",
    "description": "best of the colour i.e black for Male",
    "price": "2550",
    "originalPrice": "2550",
    "sizes": "40 ,44",
    "category": "party-wear",
    "style": "solid",
    "color": "black",
    "material": "polyester",
    "fit": "regular",
    "occasion": "party",
    "sleeves": "full",
    "brand": "yepme",
    "gender": "male",
    "delivery": "2",
    "tags": "shirt , party wear",
    "stock": "70"
  },
  {
    "image": "https://res.cloudinary.com/ducgyycpy/image/upload/v1677401089/party/ue8mxo2ir6attoav4qux.jpg , https://res.cloudinary.com/ducgyycpy/image/upload/v1677401089/party/aiagyhyacem22d0t5b62.jpg , https://res.cloudinary.com/ducgyycpy/image/upload/v1677401089/party/kcsnnmxxqm9qaye9scek.jpg , https://res.cloudinary.com/ducgyycpy/image/upload/v1677401089/party/lv3ymhdkln7fywzwojt1.jpg ",
    "title": "blue shirt",
    "description": "best of the colour i.e blue for Male",
    "price": "2700",
    "originalPrice": "2750",
    "sizes": "40 ,44",
    "category": "party-wear",
    "style": "solid",
    "color": "blue",
    "material": "polyester",
    "fit": "regular",
    "occasion": "party",
    "sleeves": "full",
    "brand": "van-heusen",
    "gender": "male",
    "delivery": "2",
    "tags": "shirt , party wear",
    "stock": "70"
  },
  {
    "image": "https://res.cloudinary.com/ducgyycpy/image/upload/v1677401089/party/etzdehn6wz91h7csgvig.jpg , https://res.cloudinary.com/ducgyycpy/image/upload/v1677401089/party/j912p2um38kxag5sb3oo.jpg , https://res.cloudinary.com/ducgyycpy/image/upload/v1677401089/party/oi1zglolisrw7wfkzuzk.jpg , https://res.cloudinary.com/ducgyycpy/image/upload/v1677401089/party/nmdggbucqhb8nmdnhlvy.jpg",
    "title": "white shirt",
    "description": "best of the colour i.e white for Male",
    "price": "1660",
    "originalPrice": "1950",
    "sizes": "38,40 ,44 ",
    "category": "party-wear",
    "style": "solid",
    "color": "white",
    "material": "cotton",
    "fit": "regular",
    "occasion": "formal",
    "sleeves": "full",
    "brand": "levis",
    "gender": "male",
    "delivery": "2",
    "tags": "shirt , formal wear",
    "stock": "50"
  },
  {
    "image": "https://res.cloudinary.com/ducgyycpy/image/upload/v1677401089/party/qwvhkv9kxiltr7vyb9vv.jpg , https://res.cloudinary.com/ducgyycpy/image/upload/v1677401089/party/jaqrdb8kltyyigtbcrlp.jpg , https://res.cloudinary.com/ducgyycpy/image/upload/v1677401089/party/hb8430ciu2mgxdkr0gon.jpg , https://res.cloudinary.com/ducgyycpy/image/upload/v1677401089/party/a8yqtc2mb5x5agceuhlg.jpg",
    "title": "white shirt",
    "description": "best of the colour i.e white for Male",
    "price": "1800",
    "originalPrice": "1950",
    "sizes": "38,40, 42 ,44 ",
    "category": "party-wear",
    "style": "solid",
    "color": "white",
    "material": "polyester",
    "fit": "regular",
    "occasion": "party",
    "sleeves": "full",
    "brand": "van-heusen",
    "gender": "male",
    "delivery": "2",
    "tags": "shirt , party wear",
    "stock": "50"
  },
  {
    "image": "https://res.cloudinary.com/ducgyycpy/image/upload/v1677401089/party/wwt2u9mjmge2wq5z0hev.jpg , https://res.cloudinary.com/ducgyycpy/image/upload/v1677401089/party/p3hg93tsmsowwpyhuvjo.jpg , https://res.cloudinary.com/ducgyycpy/image/upload/v1677401089/party/n3heslnniyqpo830gdhx.jpg , https://res.cloudinary.com/ducgyycpy/image/upload/v1677401089/party/scnynn2uzsvwyistntjz.jpg",
    "title": "blue shirt",
    "description": "best of the colour i.e blue for Male",
    "price": "2200",
    "originalPrice": "2450",
    "sizes": "38,40, 42 ,44 ",
    "category": "party-wear",
    "style": "solid",
    "color": "blue",
    "material": "cotton",
    "fit": "regular",
    "occasion": "casual",
    "sleeves": "full",
    "brand": "levis",
    "gender": "male",
    "delivery": "2",
    "tags": "shirt , casual wear",
    "stock": "50"
  }
]