{
  "mens-shirt": [
    {
      "image": "https://res.cloudinary.com/ducgyycpy/image/upload/v1677400776/mens/zyslfkljhwqro0lktzst.jpg , http://staticawsy.yepme.com/newcampaign/1705/170563_ypxl_2.jpg  , https://res.cloudinary.com/ducgyycpy/image/upload/v1677400776/mens/xjcsbkj4z8zp2yqn4jlq.jpg ,https://res.cloudinary.com/ducgyycpy/image/upload/v1677400776/mens/moa9mnqbljjcixbfagjg.jpg",
      "title": "green shirt",
      "description": "best of the colour i.e green for Male",
      "price": "800",
      "originalPrice": "849",
      "sizes": "38 , 42",
      "category": "shirt",
      "style": "solid",
      "color": "green",
      "material": "cotton",
      "fit": "regular",
      "occasion": "casual",
      "sleeves": "full",
      "brand": "yepme",
      "gender": "male",
      "delivery": "2",
      "tags": "shirt, casual",
      "stock": "90"
    },
    {
      "image": "https://res.cloudinary.com/ducgyycpy/image/upload/v1677400776/mens/tgtgia67lphbzkp8bjw9.jpg , https://res.cloudinary.com/ducgyycpy/image/upload/v1677400776/mens/zurub8s82qifdfp5w7bp.jpg , https://res.cloudinary.com/ducgyycpy/image/upload/v1677400776/mens/xydpw87xuh1abk5fj5qn.jpg",
      "title": "blue shirt",
      "description": "best of the colour i.e blue for Male",
      "price": "1850",
      "originalPrice": "1900",
      "sizes": "36,38,40,42,44",
      "category": "shirt",
      "style": "solid",
      "color": "blue",
      "material": "cotton",
      "fit": "regular",
      "occasion": "party",
      "sleeves": "full",
      "brand": "yepme",
      "gender": "male",
      "delivery": "3",
      "tags": "shirt , party wear",
      "stock": "80"
    },
    {
      "image": "http://staticawsy.yepme.com/newcampaign/1392/139269_ypxl_1.jpg , https://res.cloudinary.com/ducgyycpy/image/upload/v1677400776/mens/c5d7rd1wgkgelsf5qqfq.jpg , https://res.cloudinary.com/ducgyycpy/image/upload/v1677400776/mens/uyhsn4gkscayo6hqrvjc.jpg , http://staticawsy.yepme.com/newcampaign/1392/139269_ypxl_5.jpg",
      "title": "blue shirt",
      "description": "best of the colour i.e blue for Male",
      "price": "1700",
      "originalPrice": "1750",
      "sizes": "36,38,40",
      "category": "shirt",
      "style": "solid",
      "color": "blue",
      "material": "cotton",
      "fit": "regular",
      "occasion": "party",
      "sleeves": "full",
      "brand": "mufti",
      "gender": "male",
      "delivery": "2",
      "tags": "shirt , party wear",
      "stock": "150"
    },
    {
      "image": "https://res.cloudinary.com/ducgyycpy/image/upload/v1677400776/mens/tjabp3s6cm5swtqys2nh.jpg , https://res.cloudinary.com/ducgyycpy/image/upload/v1677400776/mens/gcee0utkfmunwue0vrsm.jpg , http://staticawsy.yepme.com/newcampaign/1674/167408_ypxl_4.jpg",
      "title": "white navy shirt",
      "description": "best of the colour i.e white-navy for Male",
      "price": "1800",
      "originalPrice": "2000",
      "sizes": "36,38,40",
      "category": "shirt",
      "style": "solid",
      "color": "blue",
      "material": "cotton",
      "fit": "regular",
      "occasion": "casual",
      "sleeves": "full",
      "brand": "mufti",
      "gender": "male",
      "delivery": "2",
      "tags": "shirt , party wear",
      "stock": "20"
    },
    {
      "image": "http://staticawsy.yepme.com/newcampaign/1392/139277_ypxl_1.jpg , http://staticawsy.yepme.com/newcampaign/1392/139277_ypxl_3.jpg , http://staticawsy.yepme.com/newcampaign/1392/139277_ypxl_4.jpg , http://staticawsy.yepme.com/newcampaign/1392/139277_ypxl_5.jpg",
      "title": "white purple shirt",
      "description": "best of the colour i.e purple for Male",
      "price": "1400",
      "originalPrice": "1500",
      "sizes": "36,38,40, 44",
      "category": "shirt",
      "style": "solid",
      "color": "purple",
      "material": "polyester",
      "fit": "regular",
      "occasion": "party",
      "sleeves": "full",
      "brand": "mufti",
      "gender": "male",
      "delivery": "2",
      "tags": "shirt , party wear",
      "stock": "100"
    },
    {
      "image": "http://staticawsy.yepme.com/newcampaign/1585/158532_ypxl_1.jpg , http://staticawsy.yepme.com/newcampaign/1585/158532_ypxl_2.jpg , http://staticawsy.yepme.com/newcampaign/1585/158532_ypxl_4.jpg , http://staticawsy.yepme.com/newcampaign/1585/158532_ypxl_3.jpg",
      "title": "white blue shirt",
      "description": "best of the colour i.e blue for Male",
      "price": "500",
      "originalPrice": "600",
      "sizes": "36,38,40 ,44",
      "category": "shirt",
      "style": "solid",
      "color": "blue",
      "material": "polyester",
      "fit": "regular",
      "occasion": "casual",
      "sleeves": "full",
      "brand": "mufti",
      "gender": "male",
      "delivery": "2",
      "tags": "shirt , casual wear",
      "stock": "100"
    },
    {
      "image": "https://res.cloudinary.com/ducgyycpy/image/upload/v1677400776/mens/l6h4gdugdyym3j7ubsvh.jpg , http://staticawsy.yepme.com/newcampaign/1585/158500_ypxl_2.jpg , http://staticawsy.yepme.com/newcampaign/1585/158500_ypxl_3.jpg , http://staticawsy.yepme.com/newcampaign/1585/158500_ypxl_6.jpg",
      "title": "white  shirt",
      "description": "best of the colour i.e white for Male",
      "price": "400",
      "originalPrice": "400",
      "sizes": "36,38,40 ,44",
      "category": "shirt",
      "style": "solid",
      "color": "white",
      "material": "polyester",
      "fit": "regular",
      "occasion": "casual",
      "sleeves": "full",
      "brand": "van-heusen",
      "gender": "male",
      "delivery": "2",
      "tags": "shirt , casual wear",
      "stock": "10"
    },
    {
      "image": "http://staticawsy.yepme.com/newcampaign/1705/170562_ypxl_1.jpg , http://staticawsy.yepme.com/newcampaign/1705/170562_ypxl_2.jpg , http://staticawsy.yepme.com/newcampaign/1705/170560_ypxl_3.jpg",
      "title": "yellow shirt",
      "description": "best of the colour i.e yellow for Male",
      "price": "400",
      "originalPrice": "500",
      "sizes": "36,38,40 ,44",
      "category": "shirt",
      "style": "solid",
      "color": "yellow",
      "material": "polyester",
      "fit": "regular",
      "occasion": "casual",
      "sleeves": "half",
      "brand": "mufti",
      "gender": "male",
      "delivery": "2",
      "tags": "shirt , casual wear",
      "stock": "10"
    },
    {
      "image": "http://staticawsy.yepme.com/newcampaign/1705/170560_ypxl_1.jpg , http://staticawsy.yepme.com/newcampaign/1705/170560_ypxl_2.jpg , http://staticawsy.yepme.com/newcampaign/1705/170560_ypxl_3.jpg",
      "title": "red shirt",
      "description": "best of the colour i.e red for Male",
      "price": "450",
      "originalPrice": "550",
      "sizes": "36,38,40 ,44",
      "category": "shirt",
      "style": "solid",
      "color": "red",
      "material": "polyester",
      "fit": "regular",
      "occasion": "casual",
      "sleeves": "half",
      "brand": "levis",
      "gender": "male",
      "delivery": "2",
      "tags": "shirt , casual wear",
      "stock": "10"
    },
    {
      "image": "https://res.cloudinary.com/ducgyycpy/image/upload/v1677400776/mens/pii4cionhwldnkejvj5x.jpg, https://res.cloudinary.com/ducgyycpy/image/upload/v1677400776/mens/wkfavrbg2w1twhgquirw.jpg, http://staticawsy.yepme.com/newcampaign/1674/167425_ypxl_3.jpg",
      "title": "white shirt",
      "description": "best of the colour i.e white for Male",
      "price": "450",
      "originalPrice": "550",
      "sizes": "36,38,40 ,44",
      "category": "shirt",
      "style": "solid",
      "color": "white",
      "material": "polyester",
      "fit": "regular",
      "occasion": "formal",
      "sleeves": "full",
      "brand": "mufti",
      "gender": "male",
      "delivery": "2",
      "tags": "shirt , formal wear",
      "stock": "70"
    },
    {
      "image": "https://res.cloudinary.com/ducgyycpy/image/upload/v1677400776/mens/rdhc572zsmhxw05dl14n.jpg , http://staticawsy.yepme.com/newcampaign/1392/139252_ypxl_3.jpg , https://res.cloudinary.com/ducgyycpy/image/upload/v1677400776/mens/n2lxtpckfiysaqpube0x.jpg , https://res.cloudinary.com/ducgyycpy/image/upload/v1677400776/mens/nfvak7br90uiyrggso0d.jpg ",
      "title": "black shirt",
      "description": "best of the colour i.e black for Male",
      "price": "2550",
      "originalPrice": "2750",
      "sizes": "36,38,40 ,44",
      "category": "shirt",
      "style": "solid",
      "color": "black",
      "material": "polyester",
      "fit": "regular",
      "occasion": "party",
      "sleeves": "full",
      "brand": "yepme",
      "gender": "male",
      "delivery": "2",
      "tags": "shirt , party wear",
      "stock": "70"
    },
    {
      "image": "http://staticawsy.yepme.com/newcampaign/1392/139241_ypxl_1.jpg ,  https://res.cloudinary.com/ducgyycpy/image/upload/v1677400776/mens/vabohnesxnczp2bhxpxe.jpg ,  https://res.cloudinary.com/ducgyycpy/image/upload/v1677400776/mens/wf16reh8rkrwcqyqxaxu.jpg , http://staticawsy.yepme.com/newcampaign/1392/139241_ypxl_4.jpg",
      "title": "black shirt",
      "description": "best of the colour i.e black for Male",
      "price": "2550",
      "originalPrice": "2550",
      "sizes": "40 ,44",
      "category": "shirt",
      "style": "solid",
      "color": "black",
      "material": "polyester",
      "fit": "regular",
      "occasion": "party",
      "sleeves": "full",
      "brand": "yepme",
      "gender": "male",
      "delivery": "2",
      "tags": "shirt , party wear",
      "stock": "70"
    },
    {
      "image": "http://staticawsy.yepme.com/newcampaign/1392/139275_ypxl_1.jpg , http://res.cloudinary.com/ducgyycpy/image/upload/v1677400776/mens/acgkadnjwahsyjdj5dmi.jpg , https://res.cloudinary.com/ducgyycpy/image/upload/v1677400776/mens/tqnpyzuac4odvov5bhxb.jpg , https://res.cloudinary.com/ducgyycpy/image/upload/v1677400776/mens/rinpbksdvzbtntbokocj.jpg",
      "title": "blue shirt",
      "description": "best of the colour i.e blue for Male",
      "price": "2700",
      "originalPrice": "2750",
      "sizes": "40 ,44",
      "category": "shirt",
      "style": "solid",
      "color": "blue",
      "material": "polyester",
      "fit": "regular",
      "occasion": "party",
      "sleeves": "full",
      "brand": "van-heusen",
      "gender": "male",
      "delivery": "2",
      "tags": "shirt , party wear",
      "stock": "70"
    },
    {
      "image": "http://staticawsy.yepme.com/newcampaign/1392/139240_ypxl_1.jpg , http://staticawsy.yepme.com/newcampaign/1392/139240_ypxl_2.jpg , http://staticawsy.yepme.com/newcampaign/1392/139240_ypxl_3.jpg , http://staticawsy.yepme.com/newcampaign/1392/139240_ypxl_5.jpg",
      "title": "white shirt",
      "description": "best of the colour i.e white for Male",
      "price": "1660",
      "originalPrice": "1950",
      "sizes": "38,40 ,44 ",
      "category": "shirt",
      "style": "solid",
      "color": "white",
      "material": "cotton",
      "fit": "regular",
      "occasion": "formal",
      "sleeves": "full",
      "brand": "levis",
      "gender": "male",
      "delivery": "2",
      "tags": "shirt , formal wear",
      "stock": "50"
    },
    {
      "image": "http://staticawsy.yepme.com/newcampaign/1442/144275_ypxl_1.jpg , http://staticawsy.yepme.com/newcampaign/1442/144275_ypxl_2.jpg , http://staticawsy.yepme.com/newcampaign/1442/144275_ypxl_3.jpg , https://res.cloudinary.com/ducgyycpy/image/upload/v1677400776/mens/qp7pf5emm8fxk1za6z7u.jpg",
      "title": "red shirt",
      "description": "best of the colour i.e red for Male",
      "price": "1600",
      "originalPrice": "1950",
      "sizes": "38,40, 42 ,44 ",
      "category": "shirt",
      "style": "solid",
      "color": "red",
      "material": "cotton",
      "fit": "regular",
      "occasion": "casual",
      "sleeves": "full",
      "brand": "van-heusen",
      "gender": "male",
      "delivery": "2",
      "tags": "shirt , casual wear",
      "stock": "50"
    },
    {
      "image": "https://res.cloudinary.com/ducgyycpy/image/upload/v1677400776/mens/n0eeo9mkar0e3ov4mpuj.jpg,https://res.cloudinary.com/ducgyycpy/image/upload/v1677400776/mens/t5qqpu8ppydtberns4zi.jpg , http://staticawsy.yepme.com/newcampaign/1392/139276_ypxl_3.jpg , http://staticawsy.yepme.com/newcampaign/1392/139276_ypxl_5.jpg",
      "title": "white shirt",
      "description": "best of the colour i.e white for Male",
      "price": "1800",
      "originalPrice": "1950",
      "sizes": "38,40, 42 ,44 ",
      "category": "shirt",
      "style": "solid",
      "color": "white",
      "material": "polyester",
      "fit": "regular",
      "occasion": "party",
      "sleeves": "full",
      "brand": "van-heusen",
      "gender": "male",
      "delivery": "2",
      "tags": "shirt , party wear",
      "stock": "50"
    },
    {
      "image": "https://res.cloudinary.com/ducgyycpy/image/upload/v1677400776/mens/wsbjkrh3kphhkub6pnyr.jpg , https://res.cloudinary.com/ducgyycpy/image/upload/v1677400776/mens/yf0pah4vvz8oiraybxuh.jpg, http://staticawsy.yepme.com/newcampaign/1392/139246_ypxl_3.jpg , http://staticawsy.yepme.com/newcampaign/1392/139246_ypxl_5.jpg",
      "title": "yellow shirt",
      "description": "best of the colour i.e yellow for Male",
      "price": "2100",
      "originalPrice": "2250",
      "sizes": "38,40, 44 ",
      "category": "shirt",
      "style": "solid",
      "color": "yellow",
      "material": "polyester",
      "fit": "regular",
      "occasion": "cotton",
      "sleeves": "full",
      "brand": "yepme",
      "gender": "male",
      "delivery": "2",
      "tags": "shirt , party wear",
      "stock": "50"
    },
    {
      "image": "http://staticawsy.yepme.com/newcampaign/1585/158513_ypxl_1.jpg , http://staticawsy.yepme.com/newcampaign/1585/158513_ypxl_2.jpg , https://res.cloudinary.com/ducgyycpy/image/upload/v1677400776/mens/nsrrmfnjohxsq5i7jruu.jpg, http://staticawsy.yepme.com/newcampaign/1585/158513_ypxl_6.jpg",
      "title": "blue shirt",
      "description": "best of the colour i.e blue for Male",
      "price": "2200",
      "originalPrice": "2450",
      "sizes": "38,40, 42 ,44 ",
      "category": "shirt",
      "style": "solid",
      "color": "blue",
      "material": "cotton",
      "fit": "regular",
      "occasion": "casual",
      "sleeves": "full",
      "brand": "levis",
      "gender": "male",
      "delivery": "2",
      "tags": "shirt , casual wear",
      "stock": "50"
    },
    {
      "image": "https://res.cloudinary.com/ducgyycpy/image/upload/v1677400776/mens/thaqmyu69bkidofegs0g.jpg , https://res.cloudinary.com/ducgyycpy/image/upload/v1677400776/mens/ocnupbyyikseqjl1vdxh.jpg.jpg , http://staticawsy.yepme.com/newcampaign/1584/158489_ypxl_3.jpg , https://res.cloudinary.com/ducgyycpy/image/upload/v1677400776/mens/wnu5idv4tvyk7ycsclyh.jpg ",
      "title": "white shirt",
      "description": "best of the colour i.e white for Male",
      "price": "2300",
      "originalPrice": "2450",
      "sizes": "38,40,44 ",
      "category": "shirt",
      "style": "solid",
      "color": "white",
      "material": "cotton",
      "fit": "regular",
      "occasion": "formal",
      "sleeves": "full",
      "brand": "van-heusen",
      "gender": "male",
      "delivery": "2",
      "tags": "shirt , formal wear",
      "stock": "50"
    }
  ],

  "womens-top": [
    {
      "image": "http://staticawsy.yepme.com/newcampaign/1394/139411_ypxl_1.jpg , http://staticawsy.yepme.com/newcampaign/1394/139411_ypxl_2.jpg , http://staticawsy.yepme.com/newcampaign/1394/139411_ypxl_3.jpg , http://staticawsy.yepme.com/newcampaign/1394/139411_ypxl_5.jpg ",
      "title": "Black Top",
      "description": "best of the colour i.e black for girls",
      "price": "800",
      "originalPrice": "899",
      "sizes": "XS ,  S , M , L , XL",
      "category": "top",
      "style": "solid",
      "color": "black",
      "material": "rayon",
      "fit": "regular",
      "occasion": "party",
      "sleeves": "sleeveless",
      "brand": "zara",
      "gender": "female",
      "delivery": "2",
      "tags": "top, party",
      "stock": "90"
    },
    {
      "image": "http://staticawsy.yepme.com/newcampaign/1394/139413_ypxl_1.jpg , http://staticawsy.yepme.com/newcampaign/1394/139413_ypxl_2.jpg , http://staticawsy.yepme.com/newcampaign/1394/139413_ypxl_3.jpg , http://staticawsy.yepme.com/newcampaign/1394/139413_ypxl_5.jpg",
      "title": "Black Top",
      "description": "best of the colour i.e black for girls",
      "price": "950",
      "originalPrice": "999",
      "sizes": "XS ,  S ,  L , XL",
      "category": "top",
      "style": "solid",
      "color": "black",
      "material": "rayon",
      "fit": "regular",
      "occasion": "party",
      "sleeves": "sleeveless",
      "brand": "zara",
      "gender": "female",
      "delivery": "2",
      "tags": "top, party",
      "stock": "90"
    },
    {
      "image": "http://staticawsy.yepme.com/newcampaign/1394/139409_ypxl_1.jpg , http://staticawsy.yepme.com/newcampaign/1394/139409_ypxl_3.jpg , http://staticawsy.yepme.com/newcampaign/1394/139409_ypxl_4.jpg , http://staticawsy.yepme.com/newcampaign/1394/139409_ypxl_5.jpg",
      "title": "white Top",
      "description": "best of the colour i.e white for girls",
      "price": "900",
      "originalPrice": "999",
      "sizes": "XS ,  S , M , L ",
      "category": "top",
      "style": "solid",
      "color": "white",
      "material": "cotton",
      "fit": "regular",
      "occasion": "party",
      "sleeves": "sleeveless",
      "brand": "zara",
      "gender": "female",
      "delivery": "2",
      "tags": "top, party",
      "stock": "90"
    },
    {
      "image": "http://staticawsy.yepme.com/newcampaign/1660/166017_ypxl_1.jpg , http://staticawsy.yepme.com/newcampaign/1660/166017_ypxl_2.jpg , http://staticawsy.yepme.com/newcampaign/1660/166017_ypxl_3.jpg , http://staticawsy.yepme.com/newcampaign/1660/166017_ypxl_6.jpg",
      "title": "blue Top",
      "description": "best of the colour i.e blue for girls",
      "price": "950",
      "originalPrice": "999",
      "sizes": "  S , M , L , XL",
      "category": "top",
      "style": "solid",
      "color": "blue",
      "material": "rayon",
      "fit": "regular",
      "occasion": "party",
      "sleeves": "half",
      "brand": "zara",
      "gender": "female",
      "delivery": "2",
      "tags": "top, party",
      "stock": "90"
    },
    {
      "image": "http://staticawsy.yepme.com/newcampaign/1586/158619_ypxl_1.jpg , http://staticawsy.yepme.com/newcampaign/1586/158619_ypxl_2.jpg , http://staticawsy.yepme.com/newcampaign/1586/158619_ypxl_3.jpg , http://staticawsy.yepme.com/newcampaign/1586/158619_ypxl_6.jpg",
      "title": "pink Top",
      "description": "best of the colour i.e pink for girls",
      "price": "850",
      "originalPrice": "899",
      "sizes": "XS ,  S , M , L ",
      "category": "top",
      "style": "solid",
      "color": "pink",
      "material": "rayon",
      "fit": "regular",
      "occasion": "party",
      "sleeves": "half",
      "brand": "zara",
      "gender": "female",
      "delivery": "2",
      "tags": "top, party",
      "stock": "90"
    },
    {
      "image": "http://staticawsy.yepme.com/newcampaign/1660/166028_ypxl_1.jpg , http://staticawsy.yepme.com/newcampaign/1660/166028_ypxl_2.jpg  , http://staticawsy.yepme.com/newcampaign/1660/166028_ypxl_5.jpg , http://staticawsy.yepme.com/newcampaign/1660/166028_ypxl_6.jpg",
      "title": "pink Top",
      "description": "best of the colour i.e pink for girls",
      "price": "1400",
      "originalPrice": "1599",
      "sizes": "XS ,  S , M , L , XL",
      "category": "top",
      "style": "solid",
      "color": "pink",
      "material": "rayon",
      "fit": "regular",
      "occasion": "party",
      "sleeves": "half",
      "brand": "zara",
      "gender": "female",
      "delivery": "2",
      "tags": "top, party",
      "stock": "90"
    },
    {
      "image": "http://staticawsy.yepme.com/newcampaign/1586/158611_ypxl_1.jpg , http://staticawsy.yepme.com/newcampaign/1586/158611_ypxl_2.jpg , http://staticawsy.yepme.com/newcampaign/1586/158611_ypxl_4.jpg , http://staticawsy.yepme.com/newcampaign/1586/158611_ypxl_6.jpg",
      "title": "blue Top",
      "description": "best of the colour i.e blue for girls",
      "price": "1450",
      "originalPrice": "1599",
      "sizes": "XS ,  S , M , L , XL",
      "category": "top",
      "style": "solid",
      "color": "blue",
      "material": "rayon",
      "fit": "regular",
      "occasion": "party",
      "sleeves": "sleeveless",
      "brand": "yepme",
      "gender": "female",
      "delivery": "2",
      "tags": "top, party",
      "stock": "90"
    },
    {
      "image": "http://staticawsy.yepme.com/newcampaign/1506/150619_ypxl_1.jpg , http://staticawsy.yepme.com/newcampaign/1506/150619_ypxl_2.jpg , http://staticawsy.yepme.com/newcampaign/1506/150619_ypxl_4.jpg , http://staticawsy.yepme.com/newcampaign/1506/150619_ypxl_6.jpg",
      "title": "pink Top",
      "description": "best of the colour i.e pink for girls",
      "price": "950",
      "originalPrice": "999",
      "sizes": "XS ,  S , M , L ",
      "category": "top",
      "style": "solid",
      "color": "pink",
      "material": "rayon",
      "fit": "regular",
      "occasion": "casual",
      "sleeves": "sleeveless",
      "brand": "yepme",
      "gender": "female",
      "delivery": "2",
      "tags": "top, casual",
      "stock": "90"
    },
    {
      "image": "http://staticawsy.yepme.com/newcampaign/1660/166062_ypxl_1.jpg , http://staticawsy.yepme.com/newcampaign/1660/166062_ypxl_2.jpg , http://staticawsy.yepme.com/newcampaign/1660/166062_ypxl_3.jpg , http://staticawsy.yepme.com/newcampaign/1660/166062_ypxl_6.jpg",
      "title": "brown shirt",
      "description": "best of the colour i.e brown for girls",
      "price": "940",
      "originalPrice": "999",
      "sizes": "XS ,  S , M , L , XL",
      "category": "shirt",
      "style": "solid",
      "color": "brown",
      "material": "rayon",
      "fit": "regular",
      "occasion": "formal",
      "sleeves": "full",
      "brand": "yepme",
      "gender": "female",
      "delivery": "2",
      "tags": "shirt, formal",
      "stock": "90"
    },
    {
      "image": "http://staticawsy.yepme.com/newcampaign/1660/166063_ypxl_1.jpg , http://staticawsy.yepme.com/newcampaign/1660/166063_ypxl_2.jpg , http://staticawsy.yepme.com/newcampaign/1660/166063_ypxl_4.jpg , http://staticawsy.yepme.com/newcampaign/1660/166063_ypxl_6.jpg ",
      "title": "green shirt",
      "description": "best of the colour i.e green for girls",
      "price": "950",
      "originalPrice": "999",
      "sizes": "XS ,  S ,  L , XL",
      "category": "top",
      "style": "solid",
      "color": "green",
      "material": "rayon",
      "fit": "regular",
      "occasion": "formal",
      "sleeves": "sleeveless",
      "brand": "yepme",
      "gender": "female",
      "delivery": "2",
      "tags": "shirt, formal",
      "stock": "90"
    },
    {
      "image": "http://staticawsy.yepme.com/newcampaign/1506/150615_ypxl_1.jpg , http://staticawsy.yepme.com/newcampaign/1506/150615_ypxl_2.jpg , http://staticawsy.yepme.com/newcampaign/1506/150615_ypxl_4.jpg , http://staticawsy.yepme.com/newcampaign/1506/150615_ypxl_6.jpg",
      "title": "white Top",
      "description": "best of the colour i.e white for girls",
      "price": "990",
      "originalPrice": "1099",
      "sizes": "XS ,  S , M , L ",
      "category": "top",
      "style": "solid",
      "color": "white",
      "material": "cotton",
      "fit": "regular",
      "occasion": "party",
      "sleeves": "sleeveless",
      "brand": "zara",
      "gender": "female",
      "delivery": "2",
      "tags": "top, party",
      "stock": "90"
    },
    {
      "image": "http://staticawsy.yepme.com/newcampaign/1660/166064_ypxl_1.jpg , http://staticawsy.yepme.com/newcampaign/1660/166064_ypxl_2.jpg , http://staticawsy.yepme.com/newcampaign/1660/166064_ypxl_4.jpg , http://staticawsy.yepme.com/newcampaign/1660/166064_ypxl_6.jpg",
      "title": "blue shirt",
      "description": "best of the colour i.e blue for girls",
      "price": "950",
      "originalPrice": "999",
      "sizes": "  S , M , L , XL",
      "category": "top",
      "style": "solid",
      "color": "blue",
      "material": "rayon",
      "fit": "regular",
      "occasion": "casual",
      "sleeves": "half",
      "brand": "zara",
      "gender": "female",
      "delivery": "2",
      "tags": "shirt, casual",
      "stock": "90"
    },
    {
      "image": "http://staticawsy.yepme.com/newcampaign/1660/166027_ypxl_1.jpg , http://staticawsy.yepme.com/newcampaign/1660/166027_ypxl_2.jpg , http://staticawsy.yepme.com/newcampaign/1660/166027_ypxl_3.jpg , http://staticawsy.yepme.com/newcampaign/1660/166027_ypxl_6.jpg",
      "title": "orange Top",
      "description": "best of the colour i.e orange for girls",
      "price": "850",
      "originalPrice": "899",
      "sizes": "XS ,  S , M , L ",
      "category": "top",
      "style": "solid",
      "color": "orange",
      "material": "rayon",
      "fit": "regular",
      "occasion": "party",
      "sleeves": "half",
      "brand": "zara",
      "gender": "female",
      "delivery": "2",
      "tags": "top, party",
      "stock": "90"
    },
    {
      "image": "http://staticawsy.yepme.com/newcampaign/1660/166022_ypxl_1.jpg , http://staticawsy.yepme.com/newcampaign/1660/166022_ypxl_2.jpg , http://staticawsy.yepme.com/newcampaign/1660/166022_ypxl_4.jpg , http://staticawsy.yepme.com/newcampaign/1660/166022_ypxl_6.jpg",
      "title": "yellow Top",
      "description": "best of the colour i.e yellow for girls",
      "price": "1450",
      "originalPrice": "1599",
      "sizes": "XS ,  S , M , L , XL",
      "category": "top",
      "style": "solid",
      "color": "yellow",
      "material": "rayon",
      "fit": "regular",
      "occasion": "party",
      "sleeves": "half",
      "brand": "zara",
      "gender": "female",
      "delivery": "2",
      "tags": "top, party",
      "stock": "90"
    },
    {
      "image": "http://staticawsy.yepme.com/newcampaign/1660/166026_ypxl_1.jpg , http://staticawsy.yepme.com/newcampaign/1660/166026_ypxl_2.jpg , http://staticawsy.yepme.com/newcampaign/1660/166026_ypxl_4.jpg  , http://staticawsy.yepme.com/newcampaign/1660/166026_ypxl_5.jpg",
      "title": "green Top",
      "description": "best of the colour i.e green for girls",
      "price": "1650",
      "originalPrice": "1799",
      "sizes": "XS ,  S , M , L , XL",
      "category": "top",
      "style": "solid",
      "color": "green",
      "material": "rayon",
      "fit": "regular",
      "occasion": "party",
      "sleeves": "sleeveless",
      "brand": "zara",
      "gender": "female",
      "delivery": "2",
      "tags": "top, party",
      "stock": "90"
    },
    {
      "image": "http://staticawsy.yepme.com/newcampaign/1393/139380_ypxl_1.jpg , http://staticawsy.yepme.com/newcampaign/1393/139380_ypxl_2.jpg , http://staticawsy.yepme.com/newcampaign/1393/139380_ypxl_3.jpg , http://staticawsy.yepme.com/newcampaign/1393/139380_ypxl_5.jpg , http://staticawsy.yepme.com/newcampaign/1393/139380_ypxl_6.jpg",
      "title": "pink Top",
      "description": "best of the colour i.e pink for girls",
      "price": "1950",
      "originalPrice": "1999",
      "sizes": "XS ,  S , M , L ",
      "category": "top",
      "style": "solid",
      "color": "pink",
      "material": "rayon",
      "fit": "regular",
      "occasion": "casual",
      "sleeves": "sleeveless",
      "brand": "zara",
      "gender": "female",
      "delivery": "2",
      "tags": "top, casual",
      "stock": "90"
    }
  ],
  "womens-kurtis": [
    {
      "image": "http://staticawsy.yepme.com/newcampaign/1161/116148_ypxl_1.jpg  , http://staticawsy.yepme.com/newcampaign/1161/116148_ypxl_2.jpg , http://staticawsy.yepme.com/newcampaign/1161/116148_ypxl_4.jpg , http://staticawsy.yepme.com/newcampaign/1161/116148_ypxl_5.jpg",
      "title": "purple Kurtis",
      "description": "best of the colour i.e purple for girls",
      "price": "1600",
      "originalPrice": "1699",
      "sizes": "   M , L , XL",
      "category": "Kurtis",
      "style": "solid",
      "color": "purple",
      "material": "naylon",
      "fit": "regular",
      "occasion": "party",
      "sleeves": "sleeveless",
      "brand": "zara",
      "gender": "female",
      "delivery": "2",
      "tags": "Kurtis, party",
      "stock": "90"
    },
    {
      "image": "http://staticawsy.yepme.com/newcampaign/1110/111041_ypxl_1.jpg , http://staticawsy.yepme.com/newcampaign/1110/111041_ypxl_2.jpg , http://staticawsy.yepme.com/newcampaign/1110/111041_ypxl_3.jpg , http://staticawsy.yepme.com/newcampaign/1110/111041_ypxl_5.jpg",
      "title": "white Kurtis",
      "description": "best of the colour i.e white for girls",
      "price": "1500",
      "originalPrice": "1599",
      "sizes": "  S , M , L , XL",
      "category": "Kurtis",
      "style": "solid",
      "color": "white",
      "material": "rayon",
      "fit": "regular",
      "occasion": "party",
      "sleeves": "sleeveless",
      "brand": "zara",
      "gender": "female",
      "delivery": "2",
      "tags": "Kurtis, party",
      "stock": "40"
    },
    {
      "image": "http://staticawsy.yepme.com/newcampaign/1039/103970_ypxl_1.jpg , http://staticawsy.yepme.com/newcampaign/1039/103970_ypxl_2.jpg , http://staticawsy.yepme.com/newcampaign/1039/103970_ypxl_3.jpg , http://staticawsy.yepme.com/newcampaign/1039/103970_ypxl_5.jpg",
      "title": "black Kurtis",
      "description": "best of the colour i.e black for girls",
      "price": "1400",
      "originalPrice": "1599",
      "sizes": "  S , M , L ",
      "category": "Kurtis",
      "style": "solid",
      "color": "black",
      "material": "rayon",
      "fit": "regular",
      "occasion": "party",
      "sleeves": "sleeveless",
      "brand": "zara",
      "gender": "female",
      "delivery": "2",
      "tags": "Kurtis, party",
      "stock": "400"
    },
    {
      "image": "http://staticawsy.yepme.com/newcampaign/1086/108628_ypxl_1.jpg , http://staticawsy.yepme.com/newcampaign/1086/108628_ypxl_2.jpg , http://staticawsy.yepme.com/newcampaign/1086/108628_ypxl_3.jpg , http://staticawsy.yepme.com/newcampaign/1086/108628_ypxl_5.jpg",
      "title": "blue Kurtis",
      "description": "best of the colour i.e Blue for girls",
      "price": "1300",
      "originalPrice": "1499",
      "sizes": "   M , L , XL",
      "category": "Kurtis",
      "style": "solid",
      "color": "blue",
      "material": "polyester",
      "fit": "regular",
      "occasion": "casual",
      "sleeves": "sleeveless",
      "brand": "zara",
      "gender": "female",
      "delivery": "2",
      "tags": "Kurtis, casual",
      "stock": "120"
    },
    {
      "image": "http://staticawsy.yepme.com/newcampaign/1247/124705_ypxl_1.jpg , http://staticawsy.yepme.com/newcampaign/1247/124705_ypxl_2.jpg , http://staticawsy.yepme.com/newcampaign/1247/124705_ypxl_4.jpg , http://staticawsy.yepme.com/newcampaign/1247/124705_ypxl_5.jpg",
      "title": "white Kurtis",
      "description": "best of the colour i.e white for girls",
      "price": "1600",
      "originalPrice": "1899",
      "sizes": "  S , M , L , XL",
      "category": "Kurtis",
      "style": "solid",
      "color": "white",
      "material": "cotton",
      "fit": "regular",
      "occasion": "party",
      "sleeves": "sleeveless",
      "brand": "levis",
      "gender": "female",
      "delivery": "2",
      "tags": "Kurtis, party",
      "stock": "10"
    },
    {
      "image": "http://staticawsy.yepme.com/newcampaign/1039/103972_ypxl_1.jpg , http://staticawsy.yepme.com/newcampaign/1039/103972_ypxl_2.jpg , http://staticawsy.yepme.com/newcampaign/1039/103972_ypxl_4.jpg , http://staticawsy.yepme.com/newcampaign/1039/103972_ypxl_5.jpg",
      "title": "black Kurtis",
      "description": "best of the colour i.e black for girls",
      "price": "900",
      "originalPrice": "1199",
      "sizes": "  S , M , L ",
      "category": "Kurtis",
      "style": "solid",
      "color": "black",
      "material": "naylon",
      "fit": "regular",
      "occasion": "casual",
      "sleeves": "sleeveless",
      "brand": "mufti",
      "gender": "female",
      "delivery": "2",
      "tags": "Kurtis, casual",
      "stock": "190"
    },
    {
      "image": "http://staticawsy.yepme.com/newcampaign/1161/116164_ypxl_1.jpg , http://staticawsy.yepme.com/newcampaign/1161/116164_ypxl_2.jpg , http://staticawsy.yepme.com/newcampaign/1161/116164_ypxl_3.jpg , http://staticawsy.yepme.com/newcampaign/1161/116164_ypxl_5.jpg , http://staticawsy.yepme.com/newcampaign/1161/116164_ypxl_5.jpg",
      "title": "red Kurtis",
      "description": "best of the colour i.e red for girls",
      "price": "1600",
      "originalPrice": "1699",
      "sizes": "   M , L , XL",
      "category": "Kurtis",
      "style": "solid",
      "color": "red",
      "material": "naylon",
      "fit": "regular",
      "occasion": "party",
      "sleeves": "sleeveless",
      "brand": "zara",
      "gender": "female",
      "delivery": "2",
      "tags": "Kurtis, party",
      "stock": "90"
    },
    {
      "image": "http://staticawsy.yepme.com/newcampaign/1086/108612_ypxl_1.jpg , http://staticawsy.yepme.com/newcampaign/1086/108612_ypxl_2.jpg , http://staticawsy.yepme.com/newcampaign/1086/108612_ypxl_3.jpg , http://staticawsy.yepme.com/newcampaign/1086/108612_ypxl_5.jpg",
      "title": "orange Kurtis",
      "description": "best of the colour i.e orange for girls",
      "price": "700",
      "originalPrice": "999",
      "sizes": "  S , M , L , XL",
      "category": "Kurtis",
      "style": "solid",
      "color": "orange",
      "material": "rayon",
      "fit": "regular",
      "occasion": "casual",
      "sleeves": "sleeveless",
      "brand": "zara",
      "gender": "female",
      "delivery": "2",
      "tags": "Kurtis, casual",
      "stock": "40"
    },
    {
      "image": "http://staticawsy.yepme.com/newcampaign/9680/96805_ypxl_1.jpg , http://staticawsy.yepme.com/newcampaign/9680/96805_ypxl_2.jpg , http://staticawsy.yepme.com/newcampaign/9680/96805_ypxl_3.jpg , http://staticawsy.yepme.com/newcampaign/9680/96805_ypxl_5.jpg",
      "title": "blue Kurtis",
      "description": "best of the colour i.e blue for girls",
      "price": "1400",
      "originalPrice": "1599",
      "sizes": "  S , M , L ",
      "category": "Kurtis",
      "style": "solid",
      "color": "blue",
      "material": "rayon",
      "fit": "regular",
      "occasion": "party",
      "sleeves": "sleeveless",
      "brand": "zara",
      "gender": "female",
      "delivery": "2",
      "tags": "Kurtis, party",
      "stock": "400"
    },
    {
      "image": "http://staticawsy.yepme.com/newcampaign/9681/96810_ypxl_1.jpg , http://staticawsy.yepme.com/newcampaign/9681/96810_ypxl_2.jpg , http://staticawsy.yepme.com/newcampaign/9681/96810_ypxl_3.jpg , http://staticawsy.yepme.com/newcampaign/9681/96810_ypxl_5.jpg",
      "title": "purple Kurtis",
      "description": "best of the colour i.e purple for girls",
      "price": "1300",
      "originalPrice": "1499",
      "sizes": "   M , L , XL",
      "category": "Kurtis",
      "style": "solid",
      "color": "purple",
      "material": "polyester",
      "fit": "regular",
      "occasion": "casual",
      "sleeves": "sleeveless",
      "brand": "zara",
      "gender": "female",
      "delivery": "2",
      "tags": "Kurtis, casual",
      "stock": "120"
    },
    {
      "image": "http://staticawsy.yepme.com/newcampaign/1086/108626_ypxl_1.jpg , http://staticawsy.yepme.com/newcampaign/1086/108626_ypxl_2.jpg , http://staticawsy.yepme.com/newcampaign/1086/108626_ypxl_4.jpg , http://staticawsy.yepme.com/newcampaign/1086/108626_ypxl_5.jpg",
      "title": "black Kurtis",
      "description": "best of the colour i.e black for girls",
      "price": "1600",
      "originalPrice": "1899",
      "sizes": "  S , M , L , XL",
      "category": "Kurtis",
      "style": "solid",
      "color": "black",
      "material": "cotton",
      "fit": "regular",
      "occasion": "party",
      "sleeves": "sleeveless",
      "brand": "levis",
      "gender": "female",
      "delivery": "2",
      "tags": "Kurtis, party",
      "stock": "10"
    },
    {
      "image": "http://staticawsy.yepme.com/newcampaign/1110/111029_ypxl_1.jpg , http://staticawsy.yepme.com/newcampaign/1110/111029_ypxl_2.jpg , http://staticawsy.yepme.com/newcampaign/1110/111029_ypxl_5.jpg , http://staticawsy.yepme.com/newcampaign/1110/111029_ypxl_4.jpg",
      "title": "blue Kurtis",
      "description": "best of the colour i.e blue for girls",
      "price": "900",
      "originalPrice": "1199",
      "sizes": "  S , M , L ",
      "category": "Kurtis",
      "style": "solid",
      "color": "blue",
      "material": "naylon",
      "fit": "regular",
      "occasion": "casual",
      "sleeves": "sleeveless",
      "brand": "mufti",
      "gender": "female",
      "delivery": "2",
      "tags": "Kurtis, casual",
      "stock": "190"
    }
  ],
  "party-wear": [
    {
      "image": "https://res.cloudinary.com/ducgyycpy/image/upload/v1677401090/party/bna8ol2r7xr2lxvpnv0v.jpg , https://res.cloudinary.com/ducgyycpy/image/upload/v1677401090/party/wwx0tdsyvghangijbv9l.jpg , https://res.cloudinary.com/ducgyycpy/image/upload/v1677401090/party/bna8ol2r7xr2lxvpnv0v.jpg , https://res.cloudinary.com/ducgyycpy/image/upload/v1677401090/party/se7erz8jq8k5dtymwpeb.jpg",
      "title": "brown trouser",
      "description": "best of the colour i.e brown for Male",
      "price": "2790",
      "originalPrice": "2849",
      "sizes": "38 , 42",
      "category": "party-wear",
      "style": "solid",
      "color": "brown",
      "material": "cotton",
      "fit": "regular",
      "occasion": "party",
      "sleeves": "full",
      "brand": "levis",
      "gender": "male",
      "delivery": "2",
      "tags": "trouser, party",
      "stock": "90"
    },
    {
      "image": "https://res.cloudinary.com/ducgyycpy/image/upload/v1677401090/party/ymfncboj7qqocjvqblai.jpg , https://res.cloudinary.com/ducgyycpy/image/upload/v1677401090/party/muji5jr64e9sjgucqqhn.jpg , https://res.cloudinary.com/ducgyycpy/image/upload/v1677401090/party/h2dg0sn0b7zu1gry2fpi.jpg , https://res.cloudinary.com/ducgyycpy/image/upload/v1677401090/party/a6emkvjhufb3wwjrzthu.jpg ",
      "title": "black trouser",
      "description": "best of the colour i.e black for Male",
      "price": "2800",
      "originalPrice": "2849",
      "sizes": "38 , 42",
      "category": "party-wear",
      "style": "solid",
      "color": "black",
      "material": "cotton",
      "fit": "regular",
      "occasion": "casual",
      "sleeves": "full",
      "brand": "yepme",
      "gender": "male",
      "delivery": "2",
      "tags": "trouser, casual",
      "stock": "90"
    },
    {
      "image": "https://res.cloudinary.com/ducgyycpy/image/upload/v1677401090/party/dgpbclnj7xsu6hw4yi2n.jpg , https://res.cloudinary.com/ducgyycpy/image/upload/v1677401090/party/qqkjgpiviydrvtf1uldh.jpg , https://res.cloudinary.com/ducgyycpy/image/upload/v1677401090/party/crmwdixpqnhqntadl81t.jpg , https://res.cloudinary.com/ducgyycpy/image/upload/v1677401090/party/qrrpdgchmjhu4zdpmd8p.jpg ",
      "title": "black blazer",
      "description": "best of the colour i.e black for Male",
      "price": "2500",
      "originalPrice": "2999",
      "sizes": "38 , 42",
      "category": "party-wear",
      "style": "solid",
      "color": "black",
      "material": "cotton",
      "fit": "regular",
      "occasion": "party",
      "sleeves": "full",
      "brand": "yepme",
      "gender": "male",
      "delivery": "2",
      "tags": "blazer, party",
      "stock": "90"
    },
    {
      "image": "https://res.cloudinary.com/ducgyycpy/image/upload/v1677401090/party/mkubf4ke5ael6fscyqyt.jpg , https://res.cloudinary.com/ducgyycpy/image/upload/v1677401090/party/v10x564sid3ibfqjvrtn.jpg , https://res.cloudinary.com/ducgyycpy/image/upload/v1677401090/party/jfogzs9nrcmcrvreodhz.jpg , https://res.cloudinary.com/ducgyycpy/image/upload/v1677401090/party/bhq3rdewo6lmkk1khrbd.jpg",
      "title": "black jacket",
      "description": "best of the colour i.e black for Male",
      "price": "2900",
      "originalPrice": "2999",
      "sizes": "38 , 42",
      "category": "party-wear",
      "style": "solid",
      "color": "black",
      "material": "cotton",
      "fit": "regular",
      "occasion": "party",
      "sleeves": "full",
      "brand": "yepme",
      "gender": "male",
      "delivery": "2",
      "tags": "jacket, party",
      "stock": "90"
    },
    {
      "image": "https://res.cloudinary.com/ducgyycpy/image/upload/v1677401090/party/b7aozrlhopy8l2sy6onp.jpg , https://res.cloudinary.com/ducgyycpy/image/upload/v1677401090/party/s5ew9ann40blycc3gcgy.jpg ,https://res.cloudinary.com/ducgyycpy/image/upload/v1677401090/party/hahjbqsybajblirelerz.jpg ,https://res.cloudinary.com/ducgyycpy/image/upload/v1677401090/party/ybkvunqi0qkjhrbixhsq.jpg",
      "title": "grey shirt",
      "description": "best of the colour i.e grey for Male",
      "price": "800",
      "originalPrice": "849",
      "sizes": "38 , 42",
      "category": "party-wear",
      "style": "solid",
      "color": "grey",
      "material": "cotton",
      "fit": "regular",
      "occasion": "casual",
      "sleeves": "full",
      "brand": "yepme",
      "gender": "male",
      "delivery": "2",
      "tags": "shirt, casual",
      "stock": "90"
    },
    {
      "image": "https://res.cloudinary.com/ducgyycpy/image/upload/v1677401089/party/v6th1aclgruk1g6afxxw.jpg , https://res.cloudinary.com/ducgyycpy/image/upload/v1677401089/party/ajkpli99k30butufktpp.jpg , https://res.cloudinary.com/ducgyycpy/image/upload/v1677401089/party/af7qzx4antp7buvykfmu.jpg , https://res.cloudinary.com/ducgyycpy/image/upload/v1677401089/party/earxlgkmkwyacl8i5zzv.jpg",
      "title": "green shirt",
      "description": "best of the colour i.e green for Male",
      "price": "800",
      "originalPrice": "849",
      "sizes": "38 , 42",
      "category": "party-wear",
      "style": "solid",
      "color": "green",
      "material": "cotton",
      "fit": "regular",
      "occasion": "casual",
      "sleeves": "full",
      "brand": "yepme",
      "gender": "male",
      "delivery": "2",
      "tags": "shirt, casual",
      "stock": "90"
    },
    {
      "image": "https://res.cloudinary.com/ducgyycpy/image/upload/v1677401089/party/arimyvmsxzlagh7vpbxq.jpg , https://res.cloudinary.com/ducgyycpy/image/upload/v1677401089/party/ygaqk1jlobnpvlnc2cih.jpg , https://res.cloudinary.com/ducgyycpy/image/upload/v1677401089/party/fc3vnaulqhbwlryj52qo.jpg , https://res.cloudinary.com/ducgyycpy/image/upload/v1677401089/party/cixgulhygnejsqr97prm.jpg ",
      "title": "blue shirt",
      "description": "best of the colour i.e blue for Male",
      "price": "1850",
      "originalPrice": "1900",
      "sizes": "36,38,40,42,44",
      "category": "party-wear",
      "style": "solid",
      "color": "blue",
      "material": "cotton",
      "fit": "regular",
      "occasion": "party",
      "sleeves": "full",
      "brand": "yepme",
      "gender": "male",
      "delivery": "3",
      "tags": "shirt , party wear",
      "stock": "80"
    },
    {
      "image": "https://res.cloudinary.com/ducgyycpy/image/upload/v1677401089/party/fhrcl5iohn7crx6xelx9.jpg , https://res.cloudinary.com/ducgyycpy/image/upload/v1677401089/party/d4potqwfvvnok3zobimz.jpg , https://res.cloudinary.com/ducgyycpy/image/upload/v1677401089/party/u7ibmvhlvpe6ecqp2gwf.jpg , https://res.cloudinary.com/ducgyycpy/image/upload/v1677401089/party/dtupaafy8telcbazxcuu.jpg",
      "title": "blue shirt",
      "description": "best of the colour i.e blue for Male",
      "price": "1700",
      "originalPrice": "1750",
      "sizes": "36,38,40",
      "category": "party-wear",
      "style": "solid",
      "color": "blue",
      "material": "cotton",
      "fit": "regular",
      "occasion": "party",
      "sleeves": "full",
      "brand": "mufti",
      "gender": "male",
      "delivery": "2",
      "tags": "shirt , party wear",
      "stock": "150"
    },
    {
      "image": "https://res.cloudinary.com/ducgyycpy/image/upload/v1677401089/party/gtwumawhll5d0uqdl1gw.jpg ,https://res.cloudinary.com/ducgyycpy/image/upload/v1677401089/party/fnpvwwrdukv7qlbrnhmo.jpg ,https://res.cloudinary.com/ducgyycpy/image/upload/v1677401089/party/fvreobfdr5rraku9qh8y.jpg",
      "title": "white navy shirt",
      "description": "best of the colour i.e white-navy for Male",
      "price": "1800",
      "originalPrice": "2000",
      "sizes": "36,38,40",
      "category": "party-wear",
      "style": "solid",
      "color": "blue",
      "material": "cotton",
      "fit": "regular",
      "occasion": "casual",
      "sleeves": "full",
      "brand": "mufti",
      "gender": "male",
      "delivery": "2",
      "tags": "shirt , party wear",
      "stock": "20"
    },
    {
      "image": "https://res.cloudinary.com/ducgyycpy/image/upload/v1677401089/party/umgkbbyzmjgmhutkkdeh.jpg , https://res.cloudinary.com/ducgyycpy/image/upload/v1677401089/party/dhgosittdvzjar4kk3sp.jpg , https://res.cloudinary.com/ducgyycpy/image/upload/v1677401089/party/jus3tdbj4zsxwq6kksie.jpg , https://res.cloudinary.com/ducgyycpy/image/upload/v1677401089/party/gndzhdmjepoqjz3ovcrg.jpg",
      "title": "white purple shirt",
      "description": "best of the colour i.e purple for Male",
      "price": "1400",
      "originalPrice": "1500",
      "sizes": "36,38,40, 44",
      "category": "party-wear",
      "style": "solid",
      "color": "purple",
      "material": "polyester",
      "fit": "regular",
      "occasion": "party",
      "sleeves": "full",
      "brand": "mufti",
      "gender": "male",
      "delivery": "2",
      "tags": "shirt , party wear",
      "stock": "100"
    },
    {
      "image": "https://res.cloudinary.com/ducgyycpy/image/upload/v1677401089/party/fbgjl4vnhaqeeks6co0o.jpg , https://res.cloudinary.com/ducgyycpy/image/upload/v1677401089/party/zf427verid0vrydiprlk.jpg , https://res.cloudinary.com/ducgyycpy/image/upload/v1677401089/party/l5pm6sbme6pozksdvf80.jpg , https://res.cloudinary.com/ducgyycpy/image/upload/v1677401089/party/l5pm6sbme6pozksdvf80.jpg",
      "title": "white blue shirt",
      "description": "best of the colour i.e blue for Male",
      "price": "500",
      "originalPrice": "600",
      "sizes": "36,38,40 ,44",
      "category": "party-wear",
      "style": "solid",
      "color": "blue",
      "material": "polyester",
      "fit": "regular",
      "occasion": "casual",
      "sleeves": "full",
      "brand": "mufti",
      "gender": "male",
      "delivery": "2",
      "tags": "shirt , casual wear",
      "stock": "100"
    },
    {
      "image": "https://res.cloudinary.com/ducgyycpy/image/upload/v1677401089/party/f6ijiike3qxkd11fklsa.jpg , https://res.cloudinary.com/ducgyycpy/image/upload/v1677401089/party/dmtt2gs5npadr1ilcodn.jpg , https://res.cloudinary.com/ducgyycpy/image/upload/v1677401089/party/l9ojjp4w7lcvmhrv3meo.jpg , https://res.cloudinary.com/ducgyycpy/image/upload/v1677401089/party/vwpr7snsxcv0jsdajzeq.jpg ",
      "title": "white  shirt",
      "description": "best of the colour i.e white for Male",
      "price": "400",
      "originalPrice": "400",
      "sizes": "36,38,40 ,44",
      "category": "party-wear",
      "style": "solid",
      "color": "white",
      "material": "polyester",
      "fit": "regular",
      "occasion": "casual",
      "sleeves": "full",
      "brand": "van-heusen",
      "gender": "male",
      "delivery": "2",
      "tags": "shirt , casual wear",
      "stock": "10"
    },
    {
      "image": "https://res.cloudinary.com/ducgyycpy/image/upload/v1677401089/party/kbl2c7eng3b5r7ur2wvj.jpg , https://res.cloudinary.com/ducgyycpy/image/upload/v1677401089/party/uneya5mna6dkj6l3fiag.jpg , https://res.cloudinary.com/ducgyycpy/image/upload/v1677401089/party/hbjl7zkf9gkll5mf5uqs.jpg ",
      "title": "yellow shirt",
      "description": "best of the colour i.e yellow for Male",
      "price": "400",
      "originalPrice": "500",
      "sizes": "36,38,40 ,44",
      "category": "party-wear",
      "style": "solid",
      "color": "yellow",
      "material": "polyester",
      "fit": "regular",
      "occasion": "casual",
      "sleeves": "half",
      "brand": "mufti",
      "gender": "male",
      "delivery": "2",
      "tags": "shirt , casual wear",
      "stock": "10"
    },
    {
      "image": "https://res.cloudinary.com/ducgyycpy/image/upload/v1677401089/party/ilv7au7x7dsi4qsvjllf.jpg , https://res.cloudinary.com/ducgyycpy/image/upload/v1677401089/party/wyzjc7vl8uryqjdgdzrf.jpg , https://res.cloudinary.com/ducgyycpy/image/upload/v1677401089/party/lsn4pbnredzi6hwm05nq.jpg , https://res.cloudinary.com/ducgyycpy/image/upload/v1677401089/party/ilv7au7x7dsi4qsvjllf.jpg ",
      "title": "red shirt",
      "description": "best of the colour i.e red for Male",
      "price": "450",
      "originalPrice": "550",
      "sizes": "36,38,40 ,44",
      "category": "party-wear",
      "style": "solid",
      "color": "red",
      "material": "polyester",
      "fit": "regular",
      "occasion": "casual",
      "sleeves": "half",
      "brand": "levis",
      "gender": "male",
      "delivery": "2",
      "tags": "shirt , casual wear",
      "stock": "10"
    },
    {
      "image": "https://res.cloudinary.com/ducgyycpy/image/upload/v1677401089/party/hb8430ciu2mgxdkr0gon.jpg , https://res.cloudinary.com/ducgyycpy/image/upload/v1677401089/party/jaqrdb8kltyyigtbcrlp.jpg , https://res.cloudinary.com/ducgyycpy/image/upload/v1677401089/party/a8yqtc2mb5x5agceuhlg.jpg , https://res.cloudinary.com/ducgyycpy/image/upload/v1677401089/party/gn02vj4vbevfxwtezukn.jpg ",
      "title": "white shirt",
      "description": "best of the colour i.e white for Male",
      "price": "450",
      "originalPrice": "550",
      "sizes": "36,38,40 ,44",
      "category": "party-wear",
      "style": "solid",
      "color": "white",
      "material": "polyester",
      "fit": "regular",
      "occasion": "formal",
      "sleeves": "full",
      "brand": "mufti",
      "gender": "male",
      "delivery": "2",
      "tags": "shirt , formal wear",
      "stock": "70"
    },
    {
      "image": "https://res.cloudinary.com/ducgyycpy/image/upload/v1677401089/party/icwailkd3fdtably5hs8.jpg ,https://res.cloudinary.com/ducgyycpy/image/upload/v1677401089/party/q2k9pcbqkynhxb12yamw.jpg , https://res.cloudinary.com/ducgyycpy/image/upload/v1677401089/party/hbwhpyomfjbuxwkxrt8t.jpg ,https://res.cloudinary.com/ducgyycpy/image/upload/v1677401089/party/q2k9pcbqkynhxb12yamw.jpg ",
      "title": "black shirt",
      "description": "best of the colour i.e black for Male",
      "price": "2550",
      "originalPrice": "2750",
      "sizes": "36,38,40 ,44",
      "category": "party-wear",
      "style": "solid",
      "color": "black",
      "material": "polyester",
      "fit": "regular",
      "occasion": "party",
      "sleeves": "full",
      "brand": "yepme",
      "gender": "male",
      "delivery": "2",
      "tags": "shirt , party wear",
      "stock": "70"
    },
    {
      "image": "https://res.cloudinary.com/ducgyycpy/image/upload/v1677401089/party/bvf9waesawfufsh5wax7.jpg , https://res.cloudinary.com/ducgyycpy/image/upload/v1677401089/party/hbwhpyomfjbuxwkxrt8t.jpg , https://res.cloudinary.com/ducgyycpy/image/upload/v1677401089/party/bz3dnhgw1vuy3efvctxx.jpg , https://res.cloudinary.com/ducgyycpy/image/upload/v1677401089/party/l5xgyerba92hkg5wgcqs.jpg ",
      "title": "black shirt",
      "description": "best of the colour i.e black for Male",
      "price": "2550",
      "originalPrice": "2550",
      "sizes": "40 ,44",
      "category": "party-wear",
      "style": "solid",
      "color": "black",
      "material": "polyester",
      "fit": "regular",
      "occasion": "party",
      "sleeves": "full",
      "brand": "yepme",
      "gender": "male",
      "delivery": "2",
      "tags": "shirt , party wear",
      "stock": "70"
    },
    {
      "image": "https://res.cloudinary.com/ducgyycpy/image/upload/v1677401089/party/ue8mxo2ir6attoav4qux.jpg , https://res.cloudinary.com/ducgyycpy/image/upload/v1677401089/party/aiagyhyacem22d0t5b62.jpg , https://res.cloudinary.com/ducgyycpy/image/upload/v1677401089/party/kcsnnmxxqm9qaye9scek.jpg , https://res.cloudinary.com/ducgyycpy/image/upload/v1677401089/party/lv3ymhdkln7fywzwojt1.jpg ",
      "title": "blue shirt",
      "description": "best of the colour i.e blue for Male",
      "price": "2700",
      "originalPrice": "2750",
      "sizes": "40 ,44",
      "category": "party-wear",
      "style": "solid",
      "color": "blue",
      "material": "polyester",
      "fit": "regular",
      "occasion": "party",
      "sleeves": "full",
      "brand": "van-heusen",
      "gender": "male",
      "delivery": "2",
      "tags": "shirt , party wear",
      "stock": "70"
    },
    {
      "image": "https://res.cloudinary.com/ducgyycpy/image/upload/v1677401089/party/etzdehn6wz91h7csgvig.jpg , https://res.cloudinary.com/ducgyycpy/image/upload/v1677401089/party/j912p2um38kxag5sb3oo.jpg , https://res.cloudinary.com/ducgyycpy/image/upload/v1677401089/party/oi1zglolisrw7wfkzuzk.jpg , https://res.cloudinary.com/ducgyycpy/image/upload/v1677401089/party/nmdggbucqhb8nmdnhlvy.jpg",
      "title": "white shirt",
      "description": "best of the colour i.e white for Male",
      "price": "1660",
      "originalPrice": "1950",
      "sizes": "38,40 ,44 ",
      "category": "party-wear",
      "style": "solid",
      "color": "white",
      "material": "cotton",
      "fit": "regular",
      "occasion": "formal",
      "sleeves": "full",
      "brand": "levis",
      "gender": "male",
      "delivery": "2",
      "tags": "shirt , formal wear",
      "stock": "50"
    },
    {
      "image": "https://res.cloudinary.com/ducgyycpy/image/upload/v1677401089/party/qwvhkv9kxiltr7vyb9vv.jpg , https://res.cloudinary.com/ducgyycpy/image/upload/v1677401089/party/jaqrdb8kltyyigtbcrlp.jpg , https://res.cloudinary.com/ducgyycpy/image/upload/v1677401089/party/hb8430ciu2mgxdkr0gon.jpg , https://res.cloudinary.com/ducgyycpy/image/upload/v1677401089/party/a8yqtc2mb5x5agceuhlg.jpg",
      "title": "white shirt",
      "description": "best of the colour i.e white for Male",
      "price": "1800",
      "originalPrice": "1950",
      "sizes": "38,40, 42 ,44 ",
      "category": "party-wear",
      "style": "solid",
      "color": "white",
      "material": "polyester",
      "fit": "regular",
      "occasion": "party",
      "sleeves": "full",
      "brand": "van-heusen",
      "gender": "male",
      "delivery": "2",
      "tags": "shirt , party wear",
      "stock": "50"
    },
    {
      "image": "https://res.cloudinary.com/ducgyycpy/image/upload/v1677401089/party/wwt2u9mjmge2wq5z0hev.jpg , https://res.cloudinary.com/ducgyycpy/image/upload/v1677401089/party/p3hg93tsmsowwpyhuvjo.jpg , https://res.cloudinary.com/ducgyycpy/image/upload/v1677401089/party/n3heslnniyqpo830gdhx.jpg , https://res.cloudinary.com/ducgyycpy/image/upload/v1677401089/party/scnynn2uzsvwyistntjz.jpg",
      "title": "blue shirt",
      "description": "best of the colour i.e blue for Male",
      "price": "2200",
      "originalPrice": "2450",
      "sizes": "38,40, 42 ,44 ",
      "category": "party-wear",
      "style": "solid",
      "color": "blue",
      "material": "cotton",
      "fit": "regular",
      "occasion": "casual",
      "sleeves": "full",
      "brand": "levis",
      "gender": "male",
      "delivery": "2",
      "tags": "shirt , casual wear",
      "stock": "50"
    }
    
  ]
}



  
  
  
  
  
  

  
  
 